SUBDIVISION,YEAR,JAN,FEB,MAR,APR,MAY,JUN,JUL,AUG,SEP,OCT,NOV,DEC,ANNUAL,JF,MAM,JJAS,OND
Andaman & Nicobar Islands,1901,49.2,87.1,29.2,2.3,528.8,517.5,365.1,481.1,332.6,388.5,558.2,33.6,3373.2,136.3,560.3,1696.3,980.3
Andaman & Nicobar Islands,1902,0,159.8,12.2,0,446.1,537.1,228.9,753.7,666.2,197.2,359,160.5,3520.7,159.8,458.3,2185.9,716.7
Andaman & Nicobar Islands,1903,12.7,144,0,1,235.1,479.9,728.4,326.7,339,181.2,284.4,225,2957.4,156.7,236.1,1874,690.6
Andaman & Nicobar Islands,1904,9.4,14.7,0,202.4,304.5,495.1,502,160.1,820.4,222.2,308.7,40.1,3079.6,24.1,506.9,1977.6,571
Andaman & Nicobar Islands,1905,1.3,0,3.3,26.9,279.5,628.7,368.7,330.5,297,260.7,25.4,344.7,2566.7,1.3,309.7,1624.9,630.8
Andaman & Nicobar Islands,1906,36.6,0,0,0,556.1,733.3,247.7,320.5,164.3,267.8,128.9,79.2,2534.4,36.6,556.1,1465.8,475.9
Andaman & Nicobar Islands,1907,110.7,0,113.3,21.6,616.3,305.2,443.9,377.6,200.4,264.4,648.9,245.6,3347.9,110.7,751.2,1327.1,1158.9
Andaman & Nicobar Islands,1908,20.9,85.1,0,29,562,693.6,481.4,699.9,428.8,170.7,208.1,196.9,3576.4,106,591,2303.7,575.7
Andaman & Nicobar Islands,1910,26.6,22.7,206.3,89.3,224.5,472.7,264.3,337.4,626.6,208.2,267.3,153.5,2899.4,49.3,520.1,1701,629
Andaman & Nicobar Islands,1911,0,8.4,0,122.5,327.3,649,253,187.1,464.5,333.8,94.5,247.1,2687.2,8.4,449.8,1553.6,675.4
Andaman & Nicobar Islands,1912,583.7,0.8,0,21.9,140.7,549.8,468.9,370.3,386.2,318.7,117.2,2.3,2960.5,584.5,162.6,1775.2,438.2
Andaman & Nicobar Islands,1913,84.8,0.5,1.3,2.5,190.7,530,280.8,205.8,580.1,288.8,133,67.5,2365.8,85.3,194.5,1596.7,489.3
Andaman & Nicobar Islands,1914,0,0,0,37.7,298.8,383.3,792.8,520.5,310.8,139.8,184.4,289.7,2957.8,0,336.5,2007.4,613.9
Andaman & Nicobar Islands,1915,45,56.7,33.3,40.9,170.2,334.7,269,317.2,429.8,468.1,258.4,318,2741.3,101.7,244.4,1350.7,1044.5
Andaman & Nicobar Islands,1916,0,0,0,0.5,487.4,450.1,317.3,425,561.2,369.7,192.6,133.7,2937.5,0,487.9,1753.6,696
Andaman & Nicobar Islands,1917,8,3.6,112,4.5,295.9,301.1,394.8,437.4,471.8,238.1,108.3,236.9,2612.4,11.6,412.4,1605.1,583.3
Andaman & Nicobar Islands,1918,77.4,6.9,11.4,10.7,729.3,710.8,200.9,455.4,303.3,227,366.9,175,3275,84.3,751.4,1670.4,768.9
Andaman & Nicobar Islands,1919,10.2,18,0,35.5,283.9,542.5,246.5,259.8,170.7,186.2,340.4,258.4,2352.1,28.2,319.4,1219.5,785
Andaman & Nicobar Islands,1920,122.3,7.4,3.1,13,237.4,546.9,294.4,467.4,505.4,397.5,262.9,85.5,2943.2,129.7,253.5,1814.1,745.9
Andaman & Nicobar Islands,1921,13.2,3.1,0,37.5,351.2,282.7,487.1,330,581.2,360.7,118.2,41.5,2606.4,16.3,388.7,1681,520.4
Andaman & Nicobar Islands,1922,245.3,34.3,15.6,323.1,289.7,506.1,425.8,307.4,511.7,162,541,192.2,3554.2,279.6,628.4,1751,895.2
Andaman & Nicobar Islands,1923,79.5,0,NA,91.3,293.5,808.4,636.9,182.2,560.5,131.9,197.4,70.6,NA,79.5,NA,2188,399.9
Andaman & Nicobar Islands,1924,28.7,0,14.8,89.7,191.2,261.2,493.3,290.9,251.2,331.1,378.6,NA,NA,28.7,295.7,1296.6,NA
Andaman & Nicobar Islands,1925,36.6,0,8.6,50.4,282.2,663.8,241.8,278.2,201.9,249.5,271.5,196,2480.5,36.6,341.2,1385.7,717
Andaman & Nicobar Islands,1926,122.1,0,0,0.5,198.4,370,195.3,523.7,719.3,443.8,148.4,560.7,3282.2,122.1,198.9,1808.3,1152.9
Andaman & Nicobar Islands,1927,3,17.5,17.8,108.6,504.1,433.3,195.2,370.1,126.2,327.5,274.1,65.5,2442.9,20.5,630.5,1124.8,667.1
Andaman & Nicobar Islands,1928,50.9,67.6,80.7,129.3,499.5,410.2,406.3,391.5,404.8,444.5,99.5,13.5,2998.3,118.5,709.5,1612.8,557.5
Andaman & Nicobar Islands,1929,74.2,118.4,129.2,69.8,316.6,588.8,134,644.7,172.9,413,251.5,13.5,2926.6,192.6,515.6,1540.4,678
Andaman & Nicobar Islands,1930,87.4,105.4,131.2,10.9,231.5,533.6,317.9,446.7,677.2,82.3,249.4,201.6,3075.1,192.8,373.6,1975.4,533.3
Andaman & Nicobar Islands,1931,25.3,0,2.5,2.5,205.4,393.5,289.3,571,294.4,368.3,22.8,182.7,2357.7,25.3,210.4,1548.2,573.8
Andaman & Nicobar Islands,1932,2.8,2.5,10.1,58.2,479.7,NA,NA,NA,NA,NA,NA,NA,NA,5.3,548,NA,NA
Andaman & Nicobar Islands,1933,4.5,11.7,8.1,58.4,365.4,544.2,376.6,294.1,759,239.8,268.8,56.9,2987.5,16.2,431.9,1973.9,565.5
Andaman & Nicobar Islands,1934,7.3,172.9,6.9,131.4,62,708.4,323.5,924.9,761.1,338.1,240.2,46.1,3722.8,180.2,200.3,2717.9,624.4
Andaman & Nicobar Islands,1935,6.6,0,0.5,133.6,726.8,374.1,368.7,411.6,578.9,182.4,275.4,95.4,3154,6.6,860.9,1733.3,553.2
Andaman & Nicobar Islands,1936,16.5,15.3,116.5,NA,194.3,498.3,664.8,562.9,383.8,174.9,199.2,212.2,NA,31.8,NA,2109.8,586.3
Andaman & Nicobar Islands,1937,21.6,10.7,0,112,330.5,732.8,449.5,332,349.5,383.3,251.7,617.5,3591.1,32.3,442.5,1863.8,1252.5
Andaman & Nicobar Islands,1938,13.4,57.2,50.5,101.6,368.9,668.6,318.2,397.1,546.7,318.4,316.3,107.5,3264.4,70.6,521,1930.6,742.2
Andaman & Nicobar Islands,1939,54.1,1.5,16.1,77.3,480.5,541,335.6,202.8,512.5,263.9,165.9,131.3,2782.5,55.6,573.9,1591.9,561.1
Andaman & Nicobar Islands,1940,0.5,2.8,59.4,0,320.7,335.4,268.1,889.2,477.5,114.1,221,318.8,3007.5,3.3,380.1,1970.2,653.9
Andaman & Nicobar Islands,1941,0,12.8,0,77.8,251.9,497,302.5,311.9,516,382.8,266,279.5,2898.2,12.8,329.7,1627.4,928.3
Andaman & Nicobar Islands,1942,39.2,7.4,NA,NA,NA,NA,NA,NA,NA,NA,NA,NA,NA,46.6,NA,NA,NA
Andaman & Nicobar Islands,1946,84.4,3.6,21.1,135.2,309.1,535.9,189,367.4,478.3,276.9,146.9,243.8,2791.6,88,465.4,1570.6,667.6
Andaman & Nicobar Islands,1947,25.1,111.1,63.2,127.7,206.3,965.6,490,293.7,NA,376,67.5,168.6,NA,136.2,397.2,NA,612.1
Andaman & Nicobar Islands,1949,0,56.4,0,166.5,405.8,658.4,743.3,404,627.5,339.6,81.1,7,3489.6,56.4,572.3,2433.2,427.7
Andaman & Nicobar Islands,1950,0.8,0,0,95.5,264.2,369.9,366.7,347.3,494.5,224.6,89.3,169.4,2422.2,0.8,359.7,1578.4,483.3
Andaman & Nicobar Islands,1951,82.7,7.2,0,45.4,259,619.9,665.3,101.3,360.9,489,209.6,434.8,3275.1,89.9,304.4,1747.4,1133.4
Andaman & Nicobar Islands,1952,0,0.8,69.7,39.4,452.9,657.7,385.5,541.3,240.3,315.6,287.5,89.2,3079.9,0.8,562,1824.8,692.3
Andaman & Nicobar Islands,1953,56,65.3,20.1,159.4,241.1,549.9,444.4,262.8,370.1,243.6,246,63.3,2721.9,121.3,420.5,1627.1,552.9
Andaman & Nicobar Islands,1954,83.8,2.1,34.3,58,394.7,539.4,510.8,605.4,763.8,247.2,84.8,124.7,3449,85.9,487,2419.4,456.7
Andaman & Nicobar Islands,1955,57.3,28.2,9.9,68.8,663.6,651.1,298.4,356.9,341.8,466.5,362.9,44.2,3349.6,85.5,742.2,1648.3,873.6
Andaman & Nicobar Islands,1956,49.2,77.2,33.8,130.3,491.8,343.1,468.4,467.7,325.1,458.7,164.1,70.5,3080,126.4,656,1604.4,693.3
Andaman & Nicobar Islands,1957,28,19.3,4.6,19,142.4,741.9,316.2,421.3,354.3,299.7,88.6,71.9,2507.2,47.3,166,1833.6,460.3
Andaman & Nicobar Islands,1958,22.9,14.3,30.4,24.6,355.1,530.7,440.7,388.4,350.6,265.2,313.8,70.7,2807.4,37.2,410.2,1710.4,649.6
Andaman & Nicobar Islands,1959,10.1,1.8,31.3,86.7,238.1,455.7,817.1,409.3,589.6,332.7,242.5,128.5,3343.3,11.9,356.1,2271.7,703.6
Andaman & Nicobar Islands,1960,104.2,72.4,12.1,53.5,535.4,541.5,308.4,270.7,442.4,400,191.7,92.8,3025,176.6,601,1563,684.5
Andaman & Nicobar Islands,1961,82.1,99.4,33.2,88.1,973.1,383.3,304.9,557.1,612,379.9,280.6,144.5,3938.2,181.5,1094.5,1857.3,805
Andaman & Nicobar Islands,1962,152.4,14.9,17.3,46.4,310.4,367.7,409.1,420.6,474.5,259.8,101.7,384.9,2959.7,167.3,374.1,1671.9,746.4
Andaman & Nicobar Islands,1963,79.9,26.8,7.4,69.5,259.9,434.7,303.3,601.2,614.3,295.5,109.3,179.9,2981.7,106.7,336.8,1953.5,584.7
Andaman & Nicobar Islands,1964,65.5,21.9,3.1,18.1,530.6,465.3,287.3,472.1,521.2,218.9,349.2,101.6,3054.8,87.4,551.8,1745.9,669.8
Andaman & Nicobar Islands,1965,11.8,30.4,25.3,51,292.3,408.8,392.1,396.6,576.8,290.5,187.9,500.4,3163.8,42.2,368.5,1774.3,978.8
Andaman & Nicobar Islands,1966,79.8,4.2,12,38.7,376.9,148.8,433.5,335.6,454.1,171.9,333.8,311.9,2701.2,83.9,427.6,1372.1,817.6
Andaman & Nicobar Islands,1967,164.6,21.6,30,63.4,516.4,340.8,537.8,614.3,303.5,427.5,99.7,97,3216.4,186.2,609.7,1796.4,624.1
Andaman & Nicobar Islands,1968,22.1,1.3,4.2,81.5,297.6,545.2,519.3,242,496.8,281.6,152,119.2,2762.8,23.4,383.3,1803.3,552.8
Andaman & Nicobar Islands,1969,106.3,64.7,14.6,20.8,317.3,422.8,345.2,281.4,489.8,146.8,343.7,65.8,2619,171,352.7,1539.1,556.3
Andaman & Nicobar Islands,1970,72.2,34,7.8,58.2,422.7,407.3,564.6,342.9,423.5,386.6,418.4,232.7,3370.8,106.2,488.7,1738.2,1037.7
Andaman & Nicobar Islands,1971,41.5,32.8,37.7,35.3,398,394.6,421.1,327.9,470.2,505.3,178.4,155.9,2998.6,74.3,471,1613.7,839.6
Andaman & Nicobar Islands,1972,13.7,1.7,7.5,178.3,420.2,470,544.6,384.9,444.5,263.8,413.9,180,3323,15.3,605.9,1844,857.7
Andaman & Nicobar Islands,1973,18.1,20.3,30.5,29.6,418.6,488.6,371.4,370.3,357.5,247.2,349.8,289.1,2991.1,38.5,478.7,1587.8,886.1
Andaman & Nicobar Islands,1974,22.2,43.9,17.2,301.4,353.3,343.8,257.1,456.2,321.6,398.4,372.2,74.8,2962,66,672,1378.7,845.3
Andaman & Nicobar Islands,1975,276.9,27.5,8,24.2,362.9,706.3,173.6,357.4,351.8,373.6,323.7,99.7,3085.7,304.4,395.2,1589.1,797
Andaman & Nicobar Islands,1976,20.9,9.7,0.6,161.6,551.4,441.4,382.1,487.7,387,166.8,307.2,359.6,3276,30.6,713.5,1698.2,833.7
Andaman & Nicobar Islands,1977,79.7,43.2,6.1,6.9,275.3,339.3,341.1,345.5,467.1,263.6,153.3,67.1,2388.2,122.9,288.3,1492.9,484.1
Andaman & Nicobar Islands,1978,109.6,29.3,18.9,63.4,343.6,462.2,656.6,346.3,310.8,243.7,83.4,44.6,2712.4,138.9,425.9,1775.9,371.6
Andaman & Nicobar Islands,1979,35.5,9.4,3.9,64.8,146.3,282.8,455.9,173.6,330.2,163.5,169.8,13.6,1849.4,44.9,215,1242.5,347
Andaman & Nicobar Islands,1980,5.5,0.8,9.2,38.8,728.4,604.2,575.7,494.4,271.9,252,143.7,500.7,3625.3,6.3,776.5,1946.3,896.3
Andaman & Nicobar Islands,1981,11.1,27.8,1.7,94.1,270.8,600.6,344.1,510.7,452.6,242.1,348.4,170.7,3074.8,38.9,366.7,1908,761.2
Andaman & Nicobar Islands,1982,8.8,2.8,6.6,97.5,229.2,448.7,410.5,347.6,369,164.5,238.8,60.5,2384.5,11.6,333.3,1575.8,463.8
Andaman & Nicobar Islands,1983,22.1,0,3.1,9.1,240.8,424.3,468.9,493.8,505.5,275.8,261,88.1,2792.4,22.1,253,1892.4,624.9
Andaman & Nicobar Islands,1984,69.4,173.8,26.3,156.6,162.3,424.9,446.4,125.8,283.6,347.1,158.9,445.2,2820.3,243.2,345.2,1280.7,951.2
Andaman & Nicobar Islands,1985,12,19.2,24.1,55,278.1,588.4,230.9,375.2,362.5,358.9,232.1,94.4,2630.8,31.2,357.2,1557,685.4
Andaman & Nicobar Islands,1986,14.8,0.6,1.5,8.2,302.6,312.2,308.5,444,408.9,176.1,163.5,47,2187.8,15.4,312.3,1473.6,386.5
Andaman & Nicobar Islands,1987,72.4,35.2,20.4,17.7,162.9,343.7,45.3,666.5,378.9,373.4,313.4,334.1,2764,107.6,200.9,1434.5,1021
Andaman & Nicobar Islands,1988,10.2,39.9,28,82.7,427.5,357.4,495.6,354.2,603.3,271.4,583,69.9,3323,50.1,538.1,1810.5,924.3
Andaman & Nicobar Islands,1989,56,12.8,68.1,42.6,379.3,414.9,380.1,413.2,215.9,291.8,255,4,2533.6,68.8,490,1424.1,550.7
Andaman & Nicobar Islands,1990,13.4,0.2,24.6,87.5,424.6,291,213.2,293.3,310.4,133.6,291.1,100.3,2183.4,13.6,536.8,1108,525.1
Andaman & Nicobar Islands,1991,14.1,3.8,28,132.9,191.3,165.7,547.2,486.5,489.9,287.6,130.1,58.5,2535.8,18,352.2,1689.3,476.2
Andaman & Nicobar Islands,1992,75.9,10.9,0,5.1,241.7,392,348.2,372.3,323.7,257.3,64.3,7.2,2098.7,86.8,246.8,1436.2,328.8
Andaman & Nicobar Islands,1993,14.9,0,129.9,43.7,181.4,257.1,391.7,226.7,437,299.3,189,66.7,2237.4,14.9,355,1312.5,555
Andaman & Nicobar Islands,1994,7.2,35.5,129.4,154.6,403.2,386.3,569.7,460.5,775.1,137.5,180.3,23.8,3262.8,42.6,687.2,2191.5,341.5
Andaman & Nicobar Islands,1995,51.8,12.5,12.1,21.1,314.8,450.4,501.4,555.8,426.4,294.7,452.9,21.6,3115.4,64.3,348.1,1933.9,769.2
Andaman & Nicobar Islands,1996,52.2,4.8,3.4,122.7,298,559.2,335.5,328,541.6,318.5,254.2,178.8,2996.9,57,424.1,1764.3,751.5
Andaman & Nicobar Islands,1997,9.5,0,0.2,15.6,281.1,199.5,918.5,430.6,440.2,128.7,292.8,38.4,2755.1,9.5,296.9,1988.8,459.9
Andaman & Nicobar Islands,1998,0.9,0,0,0,348.9,600,364.5,258.9,337.8,618.6,227.8,89,2846.4,0.9,348.9,1561.2,935.4
Andaman & Nicobar Islands,1999,46.8,44.6,14.2,270.6,257.4,295,408.5,329.2,325.3,437.5,124.9,145.7,2699.7,91.4,542.2,1358,708.1
Andaman & Nicobar Islands,2000,53,59,171.3,218.1,422.8,357,176.3,460.8,250.1,321.2,158.3,115.2,2763.2,112,812.2,1244.2,594.7
Andaman & Nicobar Islands,2001,89,15.7,143.3,30.1,705.3,370.7,341.3,469,334.4,267.6,222.6,91.8,3080.9,104.7,878.7,1515.4,582
Andaman & Nicobar Islands,2002,10.6,0,11.5,100.2,366.7,358.3,317.4,429.8,420,169,306.7,129.9,2620.2,10.7,478.4,1525.6,605.5
Andaman & Nicobar Islands,2003,44.3,7.9,149.2,19.4,296.3,159.9,494.9,379.4,371.9,310.4,74.1,48,2355.9,52.2,465,1406.1,432.5
Andaman & Nicobar Islands,2004,54.5,35.9,36.5,41.6,505.1,423.9,378.9,308.7,280.7,223.9,169.9,0.4,2460.1,90.4,583.2,1392.2,394.2
Andaman & Nicobar Islands,2005,0,0,20.3,51.1,305.3,452.4,429.3,311.1,507.5,293.5,300.1,283.9,2954.7,0,376.8,1700.4,877.5
Andaman & Nicobar Islands,2006,16.3,14.4,48.9,163.7,321.4,366,182.7,219.6,546.5,374.7,76.1,74.4,2404.7,30.7,534,1314.9,525.2
Andaman & Nicobar Islands,2007,4.9,1.6,5,54.6,370,378.3,463.2,465.3,486.4,209.4,223.9,85.6,2748,6.5,429.6,1793.1,518.9
Andaman & Nicobar Islands,2008,9.9,67.7,115.8,216.1,545.5,457.8,511.2,482.1,332,243.7,321.1,72,3374.8,77.6,877.3,1783.1,636.8
Andaman & Nicobar Islands,2009,24.5,6.3,44.2,136.5,313.1,633.5,297.3,351.5,344.7,272.8,66.2,48,2538.6,30.8,493.7,1627.1,386.9
Andaman & Nicobar Islands,2010,101.7,8,0.7,12.5,319,448.9,521.9,563.8,263.3,402.4,268.5,246.4,3157.1,109.8,332.2,1797.8,917.3
Andaman & Nicobar Islands,2011,265.9,84.8,272.8,111.4,326.5,383.2,583.2,441.5,757.1,212.3,150.8,238.5,3828,350.7,710.7,2165,601.6
Andaman & Nicobar Islands,2012,119.9,45.6,30.9,55.8,533.9,458.2,317.3,369.6,868.9,209.7,300.5,187.3,3497.6,165.6,620.5,2014,697.5
Andaman & Nicobar Islands,2013,67.1,37.6,43,46.3,509.3,777,564.8,336.7,473.6,455.8,354.2,92.3,3757.8,104.7,598.6,2152.1,902.4
Andaman & Nicobar Islands,2014,41.9,8.6,0,11.1,238,416.6,467.6,321.6,412.9,402.6,201.2,100.4,2622.4,50.5,249.1,1618.7,704.2
Andaman & Nicobar Islands,2015,126.8,7.6,3.1,138.2,331.9,346.4,328.9,480,523.3,252.1,236.3,129.9,2904.6,134.4,473.2,1678.6,618.4
Andaman & Nicobar Islands,2016,72,15.8,5.4,2.4,191.1,429.4,301.2,227.7,604.3,287.2,181.7,533.7,2851.9,87.8,198.9,1562.6,1002.6
Andaman & Nicobar Islands,2017,228.7,5.6,33,108.3,275.8,349.1,389.4,414.7,372.8,263,205.9,243.7,2890,234.2,417.1,1526,712.6
Arunachal Pradesh,1916,48.1,69.8,71.1,316.1,424.6,1124.9,NA,629.7,333.9,NA,NA,NA,NA,117.9,811.8,NA,NA
Arunachal Pradesh,1917,21.4,164.5,NA,269.6,107.9,823.8,909.1,628.4,411.5,199.3,63.5,0,NA,185.9,NA,2772.8,262.8
Arunachal Pradesh,1918,10.4,11,191.2,144.6,861.1,1609.9,1303,692.6,515.8,125.2,7.8,13.7,5486.3,21.4,1196.9,4121.3,146.7
Arunachal Pradesh,1919,34.5,67.8,28.5,256.9,420.6,973.6,999,286.7,628.7,948.3,40.7,8.6,4693.9,102.3,706,2888,997.6
Arunachal Pradesh,1920,14,196.3,605.6,364.7,173.6,840.6,535.4,896.5,376.7,103.3,0,0,4106.7,210.3,1143.9,2649.2,103.3
Arunachal Pradesh,1921,78.9,54.3,180.3,358,598,1233.2,1433,885.9,603.4,246.3,4.6,15.5,5691.4,133.2,1136.3,4155.5,266.4
Arunachal Pradesh,1922,50.7,59.4,170.4,299.5,350.5,1109.3,918.7,488.3,207.6,483.5,30.3,19,4187.2,110.1,820.4,2723.9,532.8
Arunachal Pradesh,1923,9.4,160.8,34,240.9,445.4,408.6,1278.5,251.3,617.3,50.1,8.4,2.8,3507.5,170.2,720.3,2555.7,61.3
Arunachal Pradesh,1924,85.7,45.1,74.1,162.4,515.7,1165,942.7,713.8,410.8,303.3,31.9,0,4450.5,130.8,752.2,3232.3,335.2
Arunachal Pradesh,1925,80.6,114,143.3,223,587.2,611.6,611,684.7,1222,153.2,5.1,4.1,4439.8,194.6,953.5,3129.3,162.4
Arunachal Pradesh,1926,38.1,40.8,179.1,249.7,248.1,675.2,978.7,445.6,286.9,311.5,18.6,49.3,3521.6,78.9,676.9,2386.4,379.4
Arunachal Pradesh,1927,48.3,208.5,88.1,384,164,1045.4,923.2,727.8,1108.9,537.2,17.8,0,5253.2,256.8,636.1,3805.3,555
Arunachal Pradesh,1928,48.9,39.7,118.2,123.4,431.9,1168.3,993.6,981.2,706.1,633.5,25.6,2.3,5272.7,88.6,673.5,3849.2,661.4
Arunachal Pradesh,1929,144.8,59.2,124.3,492.3,615.8,853,614.4,670,384.3,188,64.5,109.5,4320.2,204.1,1232.4,2521.8,362
Arunachal Pradesh,1930,64.4,84.3,202.5,565.4,148.9,720.9,376.2,1055.5,637,361.1,93.2,24.9,4334.1,148.7,916.8,2789.5,479.1
Arunachal Pradesh,1931,61.3,189.7,231.6,502.7,277.7,1149.4,1399.9,337.7,480.7,157.4,37.8,46.2,4872.1,251,1012,3367.7,241.3
Arunachal Pradesh,1932,70.2,110.3,105.5,282.7,661.6,1065.2,521.2,907.8,682.9,152.2,231.4,59.9,4850.9,180.5,1049.8,3177.1,443.5
Arunachal Pradesh,1933,56,59.4,101.6,267.9,435.3,782.1,743.2,685.2,376.1,217.9,40.6,8.1,3773.3,115.4,804.8,2586.5,266.6
Arunachal Pradesh,1934,84.9,88.3,128.3,595.1,454.5,1024.6,935.9,640.9,382.6,141.6,77,21.9,4575.7,173.2,1177.9,2984,240.6
Arunachal Pradesh,1935,18.1,143.6,169.7,211.2,299.9,1147.1,489.9,968.8,631.6,21.8,44.4,27.4,4173.7,161.8,680.9,3237.5,93.6
Arunachal Pradesh,1936,105.9,175.2,151.7,374.7,295.7,833.1,1132.8,668.4,584.3,216.5,122.8,127.6,4788.9,281.1,822.2,3218.6,467
Arunachal Pradesh,1937,19.9,105.6,91.2,261,399,456.4,611.6,816.9,339.7,239.8,16.7,17.3,3375.1,125.5,751.2,2224.6,273.8
Arunachal Pradesh,1938,144.8,121.6,340.5,395.3,306.5,1511.3,1355.1,790.8,877.3,220.6,59.7,5.6,6129,266.4,1042.3,4534.5,285.8
Arunachal Pradesh,1939,13.6,140.5,112.7,388.1,314.6,1132.5,838.5,310.2,476.4,157.6,6.2,7.7,3898.7,154.2,815.5,2757.6,171.4
Arunachal Pradesh,1940,12.7,168.5,381.8,133.9,480.5,511,1067.9,340.5,791.4,154.6,12.4,44.3,4099.3,181.2,996.2,2710.7,211.3
Arunachal Pradesh,1941,37.4,101.7,157.9,245.4,652.4,518.1,935.9,729.2,687,89.7,19.6,45.9,4220.2,139.1,1055.7,2870.3,155.2
Arunachal Pradesh,1942,15.8,164.9,277.8,272.4,618.9,1182.6,457.5,438.9,357.6,8.7,32.1,1.1,3828.2,180.7,1169.1,2436.6,41.9
Arunachal Pradesh,1943,164.5,46.3,286.3,322.6,656.6,712.3,688.1,501,727.7,155.4,43,22.8,4326.7,210.8,1265.4,2629.2,221.3
Arunachal Pradesh,1944,73.1,67,128.4,179.9,664.6,935.9,483.6,307.4,656.1,334.8,26,47.5,3904.3,140.1,972.9,2383,408.4
Arunachal Pradesh,1945,43.4,107.8,151.3,282.9,366,420.2,960,771.3,328.6,187.7,1.3,28.7,3649.3,151.2,800.2,2480.1,217.7
Arunachal Pradesh,1946,1.8,73.2,141.7,238.3,631.2,448.6,1212.2,478.7,540.4,215.9,25.4,3.8,4011.2,75.1,1011.2,2679.9,245.1
Arunachal Pradesh,1947,37.8,68.5,158.6,460.2,494.4,650.2,1245,417.9,503.8,297.3,9.5,25.9,4369.1,106.3,1113.2,2816.9,332.6
Arunachal Pradesh,1948,35.6,119.5,136.1,441.1,1168.6,889.5,2362.8,603.3,350.4,150.1,52.7,21.4,6331.1,155.1,1745.8,4206,224.2
Arunachal Pradesh,1949,80.1,88.1,287.4,436.9,567.2,943.9,1002,672.6,482,224.9,39.6,50.1,4874.7,168.1,1291.5,3100.5,314.6
Arunachal Pradesh,1950,38.6,92.8,205.8,425.2,274.2,NA,377.6,241.8,285.8,356,49.5,43.9,NA,131.4,905.2,NA,449.4
Arunachal Pradesh,1951,31.8,65.3,309.9,441,344.5,757.8,554.7,278.5,383.7,101.8,46.2,39.1,3354.2,97.1,1095.3,1974.7,187.1
Arunachal Pradesh,1952,17.2,24.5,189.6,151.5,235.1,276.8,320.6,481.1,368.2,257.9,43.9,29.7,2396.1,41.7,576.2,1446.7,331.5
Arunachal Pradesh,1953,56.4,106.9,236,214.9,314.9,409.9,512.5,245.3,449.8,NA,10.4,23.4,NA,163.3,765.8,1617.5,NA
Arunachal Pradesh,1957,NA,NA,NA,246.9,448.9,608.1,1219.4,542.6,505.8,146.6,17.1,40.6,NA,NA,NA,2875.9,204.3
Arunachal Pradesh,1958,98.4,67.5,32.9,138.5,698.6,511.2,457.7,1664.6,705.2,669.4,2.5,17,5063.5,165.9,870,3338.7,688.9
Arunachal Pradesh,1959,83.2,137.9,104.5,146.4,671.8,812.9,1137.7,333.2,508.8,247,12.1,0,4195.5,221.1,922.7,2792.6,259.1
Arunachal Pradesh,1960,8,26.8,53.2,137.1,210.7,653.9,1296.8,251.3,1034.8,13,13.4,10.4,3709.4,34.8,401,3236.8,36.8
Arunachal Pradesh,1961,50,204.2,289.6,181,492.3,595.5,738.3,547.9,256.2,260.5,57.1,3.9,3676.5,254.2,962.9,2137.9,321.5
Arunachal Pradesh,1962,37.2,87.1,45.1,250.3,601.9,1088.8,758.1,1405.9,222.4,255.6,NA,NA,NA,124.3,897.3,3475.2,NA
Arunachal Pradesh,1963,14.6,35.2,168.6,262.6,346.4,755.4,817.4,1199.3,366.4,136.4,20,15.7,4138,49.8,777.6,3138.5,172.1
Arunachal Pradesh,1964,55.4,90.3,81.1,219.7,286.4,1432.8,1506.1,492.1,465.1,246.2,12.2,71.9,4959.3,145.7,587.2,3896.1,330.3
Arunachal Pradesh,1965,37.4,120.7,103.7,254.4,306.9,404.7,315.8,351.3,172.9,51.5,72.6,4.9,2196.8,158.1,665,1244.7,129
Arunachal Pradesh,1966,22.4,91.5,98.4,180.2,177.9,473.2,432.7,411.6,197.6,78.9,39,6.3,2209.6,113.8,456.5,1515.1,124.2
Arunachal Pradesh,1967,13.3,45.5,147.9,96.6,164,253.1,434.5,220.8,212.8,58.5,10,11.5,1668.5,58.8,408.5,1121.2,80
Arunachal Pradesh,1968,54.2,41.4,135.9,117.6,307.2,510.1,404.8,227.5,243.5,75.8,12.5,8.4,2139,95.7,560.7,1385.9,96.8
Arunachal Pradesh,1969,19.2,10,33.8,127,202.3,412.3,405.1,333.9,241.4,42.9,34.8,15.1,1877.7,29.2,363.1,1392.7,92.8
Arunachal Pradesh,1970,49.2,78.8,57.4,108.8,213.4,409.6,377.9,245.4,287.4,138.6,6.9,0,1973.4,128,379.7,1320.2,145.5
Arunachal Pradesh,1971,56,67.8,47.1,121.8,222.4,446,385.5,288.2,239.6,235.1,67.8,7.3,2184.5,123.8,391.3,1359.3,310.2
Arunachal Pradesh,1972,39.2,114.2,108.3,231.5,299.5,314.4,438.3,270.7,334.5,83.3,25.9,21.5,2281.3,153.5,639.3,1357.9,130.7
Arunachal Pradesh,1973,136.4,147.1,82.3,215.3,256.5,571.1,284.8,271.3,258.3,110.2,88.9,35.4,2457.5,283.5,554,1385.5,234.4
Arunachal Pradesh,1974,130.9,95.4,127.8,272.6,248.3,466.7,648.9,446.8,461.2,121.1,14,30.3,3063.9,226.3,648.7,2023.5,165.4
Arunachal Pradesh,1975,17.3,76.9,101.7,165.1,188,268.5,427,185.2,297,451.6,21.5,13.6,2213.3,94.2,454.8,1177.7,486.6
Arunachal Pradesh,1976,8.9,112.9,168,229.3,210.7,506.3,375.4,357.4,177.5,139.7,87.9,45.6,2419.5,121.8,608,1416.7,273.1
Arunachal Pradesh,1977,71.2,133.5,209.3,560.2,417.8,543.5,484.7,610.1,311.9,213.5,141,77.7,3774.3,204.6,1187.3,1950.2,432.2
Arunachal Pradesh,1978,37.1,82.2,150.6,216.4,345.6,577.2,357.5,172.4,310.4,133,146.1,2.5,2531,119.3,712.6,1417.4,281.6
Arunachal Pradesh,1979,47.4,81.6,138.2,158.8,210.3,239.4,665.4,296.9,417.5,409.6,27.4,81.2,2773.6,129,507.2,1619.2,518.3
Arunachal Pradesh,1980,65.6,130.4,251.4,372,245.5,530.9,514.1,544.7,367.4,185.4,7.8,0.2,3215.3,195.9,868.9,1957.1,193.3
Arunachal Pradesh,1981,93.1,136.1,255.2,197.4,285,494.9,549.3,360.6,262.6,71.8,29.3,55.5,2790.9,229.2,737.6,1667.4,156.7
Arunachal Pradesh,1982,6.4,100.4,151.2,335.3,241.4,429.8,593,197,526.6,82.3,53.8,62.2,2779.5,106.8,727.9,1746.4,198.3
Arunachal Pradesh,1983,65.4,171.1,217.6,351.2,301.9,551,563.2,389.9,476.4,191.7,14.9,40.8,3335.3,236.5,870.7,1980.6,247.4
Arunachal Pradesh,1984,98.1,42.8,166.9,389.3,448.7,417.3,671,309.2,455.5,184.1,5.7,89.5,3278,140.8,1004.9,1853,279.3
Arunachal Pradesh,1985,54.1,81,255.6,347.1,345.5,506,657.8,326.3,502.2,116.6,25.4,48.8,3266.2,135,948.2,1992.2,190.7
Arunachal Pradesh,1986,19.3,90.1,122.8,335.3,101.8,402.5,453.7,355.3,387.6,176.6,36.6,14,2495.6,109.5,559.8,1599.1,227.2
Arunachal Pradesh,1987,3.7,72.5,147.7,352,230.8,501.5,754.9,558.8,646.6,101.1,24.1,39.6,3433.2,76.2,730.4,2461.9,164.8
Arunachal Pradesh,1988,50.9,118.3,250.7,278.9,535.9,287,868.1,815.6,486.3,416.4,34.2,13.1,4155.3,169.2,1065.4,2457,463.6
Arunachal Pradesh,1989,52.6,171.9,92.9,388.7,239.7,484.2,640.7,305.3,526.5,281.7,77.9,19.6,3281.6,224.5,721.2,1956.8,379.1
Arunachal Pradesh,1990,54.8,112.4,149,289.9,366.2,857.2,534,352.8,625.5,240.6,2,19.7,3604,167.2,805.1,2369.5,262.3
Arunachal Pradesh,1991,24.9,86,110.7,193.3,423.7,608.3,607.7,603.4,484.5,189,22.2,80.8,3434.4,110.9,727.7,2303.9,291.9
Arunachal Pradesh,1992,33.2,128.9,184.6,196.4,239.2,522.9,557.2,294.3,328.2,201.5,11.5,8.9,2707,162.1,620.3,1702.7,221.8
Arunachal Pradesh,1993,95.7,125.4,134.4,130.6,408.3,569.5,619.2,691.9,323.1,228.6,14.7,7.5,3348.9,221.1,673.3,2203.7,250.8
Arunachal Pradesh,1994,48.2,72.6,215.3,232.1,382.9,416.1,233,280.2,225,161.6,14.1,6.2,2287.4,120.8,830.3,1154.4,181.9
Arunachal Pradesh,1995,20.6,79.9,84.3,198.8,363.9,686.9,714.5,328.8,425.1,82.4,51,32.6,3068.8,100.5,647.1,2155.2,166
Arunachal Pradesh,1996,35.7,56.2,163.6,171.4,398.2,316.2,593,372.1,191.2,212.5,9.1,1.4,2520.5,91.8,733.1,1472.5,223
Arunachal Pradesh,1997,26.2,68.5,158.5,94.7,212.6,548,395.2,237,403.5,58.5,45.9,26.3,2274.9,94.6,465.8,1583.7,130.7
Arunachal Pradesh,1998,26.7,78.8,193.6,125,275,839.8,823.8,807,236.8,187.2,20.5,2.5,3616.7,105.6,593.6,2707.4,210.2
Arunachal Pradesh,1999,7.9,6.1,40.4,159.6,343.2,450,376.9,438.1,254,207.9,28.3,4.3,2316.6,14,543.2,1519,240.4
Arunachal Pradesh,2000,54.1,47.1,139.9,293.8,267.2,459.8,395.4,387.4,407.4,81.3,53.9,9.6,2596.8,101.2,700.8,1650,144.8
Arunachal Pradesh,2001,53.1,66.6,134.9,229.9,195.6,277.2,302.6,279.9,288.1,173.8,19.3,14.9,2036,119.7,560.5,1147.8,208
Arunachal Pradesh,2002,74.2,37.2,126.3,248.2,197.1,396.8,604,290.7,257.9,94,45,17.9,2389.2,111.4,571.6,1549.4,156.9
Arunachal Pradesh,2003,22.9,83.2,109.6,182,173.5,424.3,645.3,327.2,259.9,182.6,25,16.2,2451.8,106.1,465.2,1656.6,223.9
Arunachal Pradesh,2004,38,39.1,175.5,210.2,298.7,402.9,654.3,243,278.5,184.8,5.6,15.2,2545.7,77.1,684.3,1578.7,205.6
Arunachal Pradesh,2005,48.4,167.6,229.5,195.3,179.8,269.3,430.8,400,243.6,139.3,28.6,3.3,2335.5,216,604.6,1343.7,171.2
Arunachal Pradesh,2006,6,103.7,63.3,202.7,321.7,520.4,382.2,227.6,263.2,77.2,69.7,21.7,2259.6,109.7,587.7,1393.5,168.7
Arunachal Pradesh,2007,13.4,97.4,48.1,292.4,250.4,530.2,761,364.6,529.3,102.6,24.3,6.9,3020.7,110.8,590.9,2185.1,133.9
Arunachal Pradesh,2008,76.7,39.7,122.6,192.4,185,423.6,456.1,439.3,189.7,115.1,1.7,2.6,2244.4,116.4,499.9,1508.7,119.4
Arunachal Pradesh,2009,18,92.8,72.1,132.7,189.9,259.1,329.9,370.3,152.5,82.9,33.9,15.9,1749.9,110.8,394.7,1111.8,132.7
Arunachal Pradesh,2010,0.6,13.2,237.8,466.9,312.7,509.9,378,321.5,444.2,97.7,58.9,14.2,2855.7,13.9,1017.5,1653.6,170.9
Arunachal Pradesh,2011,40,51.3,174.5,240.8,219.6,288.4,531.4,277.6,286.7,51.9,16.2,15.2,2193.7,91.4,634.9,1384.2,83.3
Arunachal Pradesh,2012,57.8,35.8,134.2,403.4,187.4,645.8,638.9,316,724.9,248.1,22,26.2,3440.3,93.6,724.9,2325.6,296.3
Arunachal Pradesh,2013,18.5,40.5,115.1,175.1,335.8,290,329.6,230.2,316.1,164.1,13.3,14.6,2042.9,59,626,1165.9,192
Arunachal Pradesh,2014,19,101.9,80.3,86.7,299,415.8,392.4,599.6,343,35.1,20.1,10.2,2403.2,120.9,466,1750.8,65.4
Arunachal Pradesh,2015,30.8,47.5,97.5,287.1,238.9,637.9,329.3,595.5,374.2,65.2,33.8,29.8,2767.5,78.3,623.5,1936.9,128.8
Arunachal Pradesh,2016,29.4,73.2,128.4,333.1,278.9,379.4,620.1,145.7,532.9,172.7,8.4,4.6,2706.9,102.6,740.4,1678.2,185.7
Arunachal Pradesh,2017,8.2,86.2,221.8,348.2,257.1,370.8,437.8,456.4,318.6,227.1,9.9,3.4,2745.3,94.4,827,1583.5,240.3
Assam & Meghalaya,1901,27.1,19.5,30.6,223,207,524.9,430.6,464.1,291.4,163.7,115.6,1.2,2498.6,46.6,460.5,1710.9,280.5
Assam & Meghalaya,1902,9.3,10.2,105.6,350,262.1,620.7,510.8,536,441.3,97,7.8,1.3,2952.1,19.4,717.6,2108.9,106.2
Assam & Meghalaya,1903,19.9,25.4,103.6,140.6,206.6,607.4,362.7,551.9,306.4,159.5,59.3,1.3,2544.7,45.4,450.8,1828.5,220.1
Assam & Meghalaya,1904,11.1,56.1,51.9,457.1,375.2,385.7,477.6,438.8,245.9,115.9,46.4,2.5,2664.1,67.1,884.2,1548,164.8
Assam & Meghalaya,1905,19.9,16.9,137.9,213,275.5,521.7,439.1,649.1,276,200,16.8,24.8,2790.6,36.8,626.3,1886,241.6
Assam & Meghalaya,1906,9.7,59.2,88.4,263.5,271.3,388.4,541.8,585.9,264.2,165.7,24.9,0.2,2663.4,68.9,623.3,1780.4,190.8
Assam & Meghalaya,1907,55.8,37.2,109.7,254.8,213.7,509.8,578.9,304.2,401,37.6,4.8,13.8,2521.1,93,578.1,1793.8,56.2
Assam & Meghalaya,1908,16.2,25.1,20.7,176.6,332.7,390.8,477.2,339.4,403.4,91.9,3.8,0,2277.8,41.3,530,1610.8,95.7
Assam & Meghalaya,1909,19,8.9,4.4,195,310.4,639.4,345,445.2,216.4,162.4,24.6,6.3,2377,27.9,509.8,1646,193.3
Assam & Meghalaya,1910,9.2,32.1,152.8,211.5,274.6,582.5,738.3,418.3,247.8,199.7,16.2,4.3,2887.3,41.3,638.9,1986.9,220.2
Assam & Meghalaya,1911,74.2,19,93,234,431.7,534,618.6,417.1,387.8,257.4,26.3,3,3096.2,93.2,758.7,1957.5,286.8
Assam & Meghalaya,1912,9,57.8,126.1,301,250.2,482.7,567,453.4,236.8,181.5,68.4,9.5,2743.5,66.8,677.4,1739.9,259.5
Assam & Meghalaya,1913,11.9,90.2,118.4,334.2,392.3,458.6,438,354,279.2,227.7,10.4,45.6,2760.5,102.2,844.9,1529.7,283.7
Assam & Meghalaya,1914,6.3,79.1,69.9,219.6,317.9,403.9,396.4,472.9,292.3,67.6,10.6,7.4,2343.8,85.5,607.4,1565.4,85.6
Assam & Meghalaya,1915,9.3,58.9,74.4,201.9,662.9,509.1,738.2,529.1,258.8,108.2,10,4.4,3165.1,68.2,939.2,2035.1,122.6
Assam & Meghalaya,1916,20,28,118.4,227.9,340.6,367.3,475.3,430.7,308.8,244.9,32.8,6.3,2601.1,48,686.9,1582.1,284
Assam & Meghalaya,1917,12.8,91.6,38.7,168.8,206.2,584.7,472.8,346.3,313.7,236.6,46.4,1.4,2519.9,104.4,413.6,1717.4,284.4
Assam & Meghalaya,1918,4.6,16.1,125.5,152.2,287.4,659.4,805,604.8,373.2,70.7,6.8,1.1,3106.8,20.7,565.1,2442.5,78.6
Assam & Meghalaya,1919,13.1,12.4,22.6,162.1,266.9,485.5,459,249.1,441.6,185.7,42.5,3.6,2344.2,25.5,451.6,1635.3,231.9
Assam & Meghalaya,1920,4.8,51,228.1,184.8,282.7,523.8,309.8,521.5,382.6,129.5,3.3,1.8,2623.6,55.8,695.6,1737.6,134.6
Assam & Meghalaya,1921,35.1,20.3,134.1,324.6,414.8,604.9,542.2,429.4,333.2,142.1,8.5,10.3,2999.7,55.4,873.6,1909.8,160.9
Assam & Meghalaya,1922,16.6,4.9,77.8,168.7,233.1,548.9,418.4,379.4,265.6,129.9,9.3,9.4,2261.9,21.4,479.6,1612.3,148.7
Assam & Meghalaya,1923,0.4,59.6,17.1,258.1,397.8,588.6,375.4,267.2,360.9,98.2,11.2,5.9,2440.6,60,673,1592.1,115.4
Assam & Meghalaya,1924,10.6,22.7,20,221.9,299.4,473.9,609,434,346,127,126.9,0.2,2691.4,33.3,541.3,1862.8,254
Assam & Meghalaya,1925,26.4,21.5,53.8,278.3,602.2,330.8,411.1,400.7,322.3,89.5,13.7,0.2,2550.5,47.9,934.2,1465,103.4
Assam & Meghalaya,1926,23.4,23.2,156.9,140.8,253.9,559.3,576.5,354.7,189.2,193.7,6.4,33.6,2511.7,46.6,551.6,1679.7,233.8
Assam & Meghalaya,1927,33.8,60.5,66,265.2,238.4,573.9,447.7,366.4,549.8,161.2,29.8,0.2,2793.1,94.3,569.7,1937.9,191.2
Assam & Meghalaya,1928,8.3,21.1,61,138.9,446.5,420.6,428.1,448.2,343.5,294.8,21.6,1.5,2634.3,29.4,646.4,1640.5,317.9
Assam & Meghalaya,1929,83.9,3.8,84.1,321.7,570.2,643.4,385,333.2,292.8,196,17.6,22.1,2953.8,87.7,976,1654.4,235.7
Assam & Meghalaya,1930,18,41,99.8,199.4,209.8,686.9,287.8,438.5,299.1,149.9,114.4,6.2,2550.7,59,509,1712.4,270.4
Assam & Meghalaya,1931,7.6,29.2,47.6,294.7,374,605.6,654.6,282,330.2,136.7,21.6,16.3,2800.1,36.7,716.3,1872.4,174.7
Assam & Meghalaya,1932,14.9,36.7,59.1,163.2,488.6,628.5,454.6,467.3,355.8,108.4,90.9,20.6,2888.7,51.5,711,1906.3,219.9
Assam & Meghalaya,1933,10.3,29,16.7,214.4,286.7,477.2,427.1,501.7,243.1,122.1,8.1,2.7,2339.1,39.2,517.7,1649.2,132.9
Assam & Meghalaya,1934,18.5,68.2,27.1,301.2,444.6,754.5,553.2,361.8,246.8,232.8,59.8,6.3,3074.9,86.8,773,1916.3,298.9
Assam & Meghalaya,1935,3.4,53.2,66.5,122.1,381.5,696.9,395.2,573.9,335,28.1,19.8,2.9,2678.4,56.6,570.1,2001,50.8
Assam & Meghalaya,1936,13.6,58.7,75.7,217.8,422.8,456.1,559.9,356.4,283.5,179.6,24,23.2,2671.3,72.2,716.3,1655.9,226.8
Assam & Meghalaya,1937,2.2,51.1,19.3,97.4,406.6,422.5,409.2,480.5,278.1,139.3,13.5,4.9,2324.6,53.3,523.4,1590.3,157.6
Assam & Meghalaya,1938,27.2,16.2,138,202,247.3,581,510.6,435.2,431.4,141.8,55.2,0.6,2786.5,43.4,587.3,1958.2,197.6
Assam & Meghalaya,1939,1.5,33.6,11.2,178.3,349.6,533.7,484.9,224.9,389,190.1,2.8,1.9,2401.6,35.1,539.2,1632.5,194.9
Assam & Meghalaya,1940,1.5,57.9,180.8,72.6,391.9,500.5,435.4,330.8,353.7,98.1,19,9.5,2451.6,59.4,645.3,1620.3,126.6
Assam & Meghalaya,1941,4.5,32.7,53.8,245.1,522.4,541.7,409.4,361.8,368.1,143.3,16.7,9.9,2709.5,37.2,821.2,1681,170
Assam & Meghalaya,1942,7.4,25.3,130.9,233.5,469.1,618.8,332.9,328.8,462.9,40,27.5,0,2677,32.7,833.5,1743.4,67.5
Assam & Meghalaya,1943,54.4,34.1,170.6,247.7,406.6,513.3,391.9,417.9,365,86.7,9.4,6.2,2703.7,88.4,824.9,1688.1,102.3
Assam & Meghalaya,1944,39.2,21.3,62.9,139,518,490.6,386.9,304.1,455.6,89.7,7.2,9.9,2524.3,60.4,719.9,1637.2,106.8
Assam & Meghalaya,1945,37,39.7,67.5,139.5,396.5,500.5,507.7,493.5,283.2,196.6,1.1,2.9,2665.7,76.7,603.5,1785,200.5
Assam & Meghalaya,1946,0.4,19.4,102.6,178.5,328,582.6,547,297.9,266.8,346.3,8.6,1.4,2679.5,19.8,609.2,1694.2,356.4
Assam & Meghalaya,1947,3.9,9,83.9,243.4,380.2,486.4,570.8,285,362.3,202.2,3,13.1,2643.3,12.9,707.6,1704.6,218.3
Assam & Meghalaya,1948,10.1,42.4,59.5,260.4,681.2,599.4,534.8,448.3,314.4,176.6,50.6,7.8,3185.4,52.5,1001.1,1896.8,234.9
Assam & Meghalaya,1949,22.9,23.1,76,371,335.9,683.4,444.1,461.9,392.6,148.3,13,11.1,2983.4,45.9,782.9,1982.1,172.4
Assam & Meghalaya,1950,21.2,51.2,93.5,112.9,282.1,562,389.5,490.9,200.7,134.6,49.9,3.9,2392.4,72.5,488.5,1643.1,188.4
Assam & Meghalaya,1951,4.9,3.3,53.5,242.9,250.4,588.8,550.5,387.4,209.7,270.5,46.2,5.8,2613.8,8.2,546.9,1736.3,322.5
Assam & Meghalaya,1952,4.4,10.4,107.5,155.9,465.6,399.9,573.9,467.6,343.7,277.1,43.2,2.1,2851.3,14.8,729,1785.2,322.4
Assam & Meghalaya,1953,18,13.3,227.3,157.4,377.7,405.5,461.9,284.5,451.5,144,5.8,13.1,2559.9,31.3,762.4,1603.4,162.9
Assam & Meghalaya,1954,22,45.7,40.6,266,490.3,594.3,572.2,427.3,218.8,155.5,2,24.5,2859.1,67.6,796.9,1812.6,182
Assam & Meghalaya,1955,9.2,9.5,143.5,210.2,328.8,546.5,567,415.8,283.3,149.3,89.6,8.5,2761.2,18.7,682.5,1812.6,247.4
Assam & Meghalaya,1956,29.8,3.2,121.7,204.8,533.5,712.4,440.3,382.1,171.9,149.3,44.3,9.6,2802.9,33,859.9,1706.7,203.3
Assam & Meghalaya,1957,66.9,33.5,20.1,136,449.2,446,407.2,366.6,208.7,99.9,12.2,10.7,2257.2,100.4,605.4,1428.6,122.8
Assam & Meghalaya,1958,18.8,44.2,10.3,192.4,545.2,393.2,361.1,546.9,278.7,212.4,4.6,18.7,2626.4,63,747.9,1579.8,235.7
Assam & Meghalaya,1959,30.8,45.6,109.9,144.1,470.6,517.6,364.2,255.9,286.8,301.7,8.3,0.2,2535.8,76.4,724.6,1424.6,310.1
Assam & Meghalaya,1960,0.1,11.1,38.7,45.9,315.2,454.8,553.7,349.2,479.4,60.9,29.3,3.9,2342.2,11.2,399.9,1837,94
Assam & Meghalaya,1961,11.5,19.7,253.8,123,355.8,335.4,352.9,347.4,226.1,128.1,34.8,6.9,2195.3,31.2,732.6,1261.7,169.8
Assam & Meghalaya,1962,24.9,27.6,17.3,134.7,369,601.4,338.8,509.8,137.4,118.2,11.1,5.8,2295.9,52.5,521.1,1587.3,135
Assam & Meghalaya,1963,3.3,7.9,51.1,183.3,288.4,596,557.3,432,211.7,144.1,29.4,7.2,2511.8,11.2,522.8,1797.1,180.7
Assam & Meghalaya,1964,9.6,22.6,80.7,268.3,297.4,557.9,600.3,340.4,326.3,205.1,8.3,12.8,2729.6,32.2,646.4,1824.8,226.2
Assam & Meghalaya,1965,5.1,73.6,52.5,158.2,327.1,501,399.6,422.1,304,82.4,60.8,12.5,2398.9,78.7,537.7,1626.7,155.7
Assam & Meghalaya,1966,20,23.6,36.1,164.3,323.7,780.5,507.1,518.2,248.1,124.5,31.8,11.4,2789.3,43.6,524.1,2053.9,167.7
Assam & Meghalaya,1967,11.4,37.3,105.9,112,287.5,395.7,497.7,258.9,300.6,97.6,14.5,4.2,2123.4,48.8,505.4,1452.9,116.3
Assam & Meghalaya,1968,22.9,19.8,78.2,170.8,432.3,595,494.1,346,231.7,113.8,23.9,2.3,2530.8,42.7,681.3,1666.8,140
Assam & Meghalaya,1969,27.4,1.8,99.7,178.7,254.1,567.2,461.1,446.7,185.4,80.9,27.5,1.8,2332.2,29.2,532.4,1660.3,110.2
Assam & Meghalaya,1970,47,35.8,89.7,204.8,493.4,658.3,475.3,389.2,390.7,246.4,17.8,0.1,3048.4,82.8,787.9,1913.5,264.3
Assam & Meghalaya,1971,36.9,18.4,37.6,142.9,236.3,437.1,407.9,474.8,231.6,199.5,80,12.1,2315.1,55.3,416.8,1551.3,291.6
Assam & Meghalaya,1972,18,39.6,99.3,260.3,339.3,576.2,441,271,227.1,99.1,2.9,5.3,2379.1,57.6,698.9,1515.3,107.3
Assam & Meghalaya,1973,9.8,82.8,28.9,252.1,324.5,634.4,364.6,395,348.6,128.7,67.4,35.3,2672.1,92.6,605.5,1742.6,231.4
Assam & Meghalaya,1974,31.6,11.4,78.7,255.8,369.4,627,789.3,510.9,429.1,271,27.1,2.3,3403.5,43,703.8,2356.3,300.4
Assam & Meghalaya,1975,10,22.3,18.8,227.9,321.2,337.6,522.4,314.8,299.1,172.7,18,5.8,2270.6,32.3,567.9,1473.9,196.5
Assam & Meghalaya,1976,5.7,36.3,92.6,139.4,179.5,509.7,390.5,358.5,149.1,67.3,24.3,3.1,1956,42.1,411.5,1407.8,94.6
Assam & Meghalaya,1977,9.1,16.2,74.4,375.1,391.6,405,461.3,461.9,176.9,175.7,47.7,21.8,2616.6,25.2,841.1,1505.2,245.2
Assam & Meghalaya,1978,5,8.2,44.3,100.9,253.7,506.6,444,255.8,271.8,65,55.9,0.6,2011.9,13.2,399,1478.2,121.6
Assam & Meghalaya,1979,3.3,8.7,38.2,93.8,225.6,307.8,640.1,252.4,342.3,216.6,23.4,36.2,2188.5,12,357.7,1542.6,276.3
Assam & Meghalaya,1980,13.1,36.3,96.9,173.2,289.4,389.5,460,417.8,269.8,141.6,1,0.6,2289.2,49.3,559.6,1537.1,143.2
Assam & Meghalaya,1981,29.6,30.7,91,152.1,251.5,273.1,543.5,340.7,274.5,47.5,9,36.1,2079.3,60.3,494.6,1431.8,92.7
Assam & Meghalaya,1982,1.8,31.1,50.6,254.3,215.5,517.2,539.9,377.2,286.4,62,29.9,16.4,2382.2,32.9,520.4,1720.6,108.3
Assam & Meghalaya,1983,16.4,37.8,90,165.9,278.2,362,582.9,450.2,449.1,156.7,7,24,2620,54.2,534.1,1844.2,187.6
Assam & Meghalaya,1984,22.4,7.2,28.6,202.8,416,478.5,995.2,360.7,458,159.6,5.7,22.2,3157,29.7,647.4,2292.5,187.5
Assam & Meghalaya,1985,8.7,32.3,152.6,268.1,335,496,714.6,349.4,335.1,74.4,15.8,19.7,2801.6,41,755.7,1895.1,109.9
Assam & Meghalaya,1986,16.4,11.7,28,282.8,159.7,404.2,465,416.4,441.1,300.5,59.5,7.4,2592.8,28.1,470.6,1726.6,367.5
Assam & Meghalaya,1987,8.8,27.8,110.4,197.6,199,525.8,766.5,433,445.4,157.8,37.6,11.9,2921.4,36.5,506.9,2170.6,207.3
Assam & Meghalaya,1988,7.3,46.1,82.3,157.9,568.6,403.8,644.2,773.4,329.6,168.3,74.3,5.9,3261.7,53.4,808.9,2151,248.5
Assam & Meghalaya,1989,10.5,51.6,30.4,183.4,260.1,488.8,747,267.9,425.8,194.1,16.2,6.5,2682.1,62,473.8,1929.5,216.8
Assam & Meghalaya,1990,19.2,46.9,96.7,333.7,304.1,513.8,446.4,348.8,441.1,208.3,7,5.2,2771.2,66.1,734.4,1750.2,220.5
Assam & Meghalaya,1991,13.7,30.2,62.1,175.7,495.8,517.8,440.5,388.2,437.3,226.2,9.4,41.1,2838,43.9,733.6,1783.8,276.7
Assam & Meghalaya,1992,14.7,46.3,62,114.5,292.3,450.9,491.4,339.3,296.9,125,14.3,12.1,2259.8,61.1,468.8,1578.5,151.4
Assam & Meghalaya,1993,73.3,96.9,86.1,138.5,374,619.5,576.9,477.5,296,130.3,8.2,2,2879.2,170.2,598.6,1969.9,140.5
Assam & Meghalaya,1994,26.6,42.5,157.2,161.3,282,477.6,308.6,308.7,178.5,147,15.9,15.4,2121.3,69.1,600.5,1273.4,178.3
Assam & Meghalaya,1995,8.7,39.7,42,145.7,299.1,663.3,558.4,543.3,404,80.7,94,7.1,2886.1,48.5,486.8,2169,181.8
Assam & Meghalaya,1996,12.8,23.2,101.6,99.2,415.6,397.7,499.6,421.8,224.4,267.2,3.5,0.2,2466.9,36,616.4,1543.5,271
Assam & Meghalaya,1997,18.2,40.7,91.8,131.9,241.8,569.9,511.2,315.5,366.8,36.4,12.6,35.4,2372.2,58.9,465.6,1763.4,84.3
Assam & Meghalaya,1998,11.8,31.5,136.8,185.7,250.6,581.2,604.4,549.5,212.3,190,48.9,0.4,2803.1,43.4,573.1,1947.4,239.2
Assam & Meghalaya,1999,2.4,0.5,38.7,150.6,466.8,429,596.7,487.5,196.9,208.6,14.1,2.3,2594.2,2.9,656.1,1710.2,225
Assam & Meghalaya,2000,20.5,13.7,65.9,238.5,375.1,540.2,313.3,513.2,299.9,83.9,22.2,0.4,2487,34.2,679.5,1666.6,106.6
Assam & Meghalaya,2001,5.5,39.7,30.9,198.6,266.4,399.8,451.1,295.6,266.8,201.4,20.5,2.3,2178.4,45.2,495.8,1413.2,224.2
Assam & Meghalaya,2002,20.2,5.7,83.3,279.9,286.9,502.5,565.1,312.5,209.7,49.5,69.4,7.9,2392.7,25.9,650.2,1589.8,126.8
Assam & Meghalaya,2003,9.5,41.5,96.9,213.8,235.8,551.4,481.2,290.7,250,231.8,13,18.6,2434.1,51,546.5,1573.3,263.4
Assam & Meghalaya,2004,15.3,19.5,72.8,340.8,342.2,397.9,848.4,286.2,317.2,340.8,6.5,6.6,2994.3,34.8,755.9,1849.7,353.9
Assam & Meghalaya,2005,22.8,30.5,172.2,207.5,281.2,373.9,474.5,501.9,174.9,218.6,8.9,1.3,2468.3,53.3,660.9,1525.2,228.9
Assam & Meghalaya,2006,0.7,40.9,20.8,169,325.7,395.9,350.3,209.7,252.3,97.6,25.1,10.7,1898.6,41.5,515.5,1208.1,133.5
Assam & Meghalaya,2007,1.5,73.7,23.5,242.7,219.8,489.7,682.7,308,494.7,164.7,47.7,4,2752.8,75.2,486.1,1975.1,216.4
Assam & Meghalaya,2008,29.7,14.5,107.5,156.2,210.6,414.6,493.2,508.6,267.5,133.4,2.2,1.6,2339.7,44.2,474.4,1683.9,137.2
Assam & Meghalaya,2009,7.9,11.6,44.9,134.9,246.5,321.1,426.3,533.8,192.3,135.9,9,4,2068.2,19.5,426.2,1473.5,149
Assam & Meghalaya,2010,0.5,3.1,99.6,389.3,393.4,569.7,415.1,387,318.3,116.2,11.6,7.6,2711.5,3.7,882.3,1690.2,135.3
Assam & Meghalaya,2011,11.1,11.4,109,92.1,238.3,316,395.8,302.6,221.6,30.2,11.9,3.5,1743.4,22.5,439.4,1236,45.6
Assam & Meghalaya,2012,15.2,6.9,28.8,279.1,185.8,729.7,444.3,289.2,411.6,199.4,17.1,2.3,2609.4,22.1,493.7,1874.8,218.8
Assam & Meghalaya,2013,1.1,9.6,44,112.8,346.7,286.2,367.8,289.7,229.3,126.3,1,2,1816.4,10.7,503.5,1172.9,129.3
Assam & Meghalaya,2014,2,28.3,29.3,51.5,351.1,426.4,374.4,484.6,420.2,35,3,0.4,2206.1,30.3,431.9,1705.5,38.5
Assam & Meghalaya,2015,13.4,15.5,37.5,250.9,332.5,558.5,300.1,590.9,279.9,62.6,14,15.2,2470.9,28.9,620.9,1729.3,91.8
Assam & Meghalaya,2016,18.9,15.9,64.1,327.8,334,369,498.4,185.3,271.2,136.5,38.2,7.4,2266.9,34.8,726,1323.9,182.1
Assam & Meghalaya,2017,1.7,37.8,116.7,310.9,268.4,485.2,429,483.1,345.4,212.1,10.3,11,2711.7,39.5,695.9,1742.7,233.5
Naga Mani Mizo Tripura,1901,11.7,18.1,29.4,206.2,124,443.3,331.4,466,304.1,166.7,67.4,0,2168.4,29.8,359.6,1544.8,234.2
Naga Mani Mizo Tripura,1902,4.8,0.5,36.3,297.8,215.5,480.1,392.4,312.8,318.7,102.4,8.9,4.7,2175,5.2,549.7,1504,116
Naga Mani Mizo Tripura,1903,6.5,40.5,139.8,45.5,159.9,458.6,300.2,470.6,366.1,166.4,76.7,0.1,2230.7,47,345.1,1595.4,243.2
Naga Mani Mizo Tripura,1904,2.3,46.9,47.5,290.3,230.5,455.3,423.5,423.6,375.8,128.9,90,5,2519.8,49.3,568.3,1678.2,224
Naga Mani Mizo Tripura,1905,9.1,35.3,306.5,161.7,193.6,339.7,450.1,429.9,320.1,246.4,8,27.1,2527.6,44.5,661.8,1539.8,281.5
Naga Mani Mizo Tripura,1906,7,71.5,72.5,99,302.7,417.4,475.2,439.2,439.1,142.8,44.9,3.2,2514.4,78.5,474.2,1770.9,190.9
Naga Mani Mizo Tripura,1907,39.1,30.4,92.8,189.1,156,414.1,400.9,291.4,336.1,114.6,3.9,53.4,2121.7,69.5,437.9,1442.4,171.9
Naga Mani Mizo Tripura,1908,26.4,15,4.3,141.1,252.1,360,531.5,371.9,317.8,192.6,106.5,0,2319.3,41.4,397.5,1581.3,299.1
Naga Mani Mizo Tripura,1909,6,4.7,3.1,201.8,235.1,415.3,348.9,540,245.8,167.7,71.4,69,2308.7,10.7,439.9,1549.9,308.1
Naga Mani Mizo Tripura,1910,26,10.9,30.7,138.4,228,444.8,405,439.8,336.2,196,12.3,0,2267.9,36.9,397,1625.8,208.3
Naga Mani Mizo Tripura,1911,47.3,11.9,102.2,141.3,331.3,444.9,471.5,397.9,287.8,226,17.4,0.3,2479.8,59.1,574.9,1602,243.7
Naga Mani Mizo Tripura,1912,1,36.7,127.8,305.9,222.5,344.7,392.6,394.8,262.8,179.1,34.9,6.1,2308.8,37.7,656.2,1394.9,220
Naga Mani Mizo Tripura,1913,4.3,63.4,109.9,138.1,264.1,559.1,509.2,426.7,222.1,202.9,83.6,29.7,2613.2,67.7,512.2,1717.1,316.2
Naga Mani Mizo Tripura,1914,5,93.3,129.7,255.9,276.5,342.6,437.4,501.5,262,106,13.8,105.4,2529.2,98.4,662.1,1543.5,225.2
Naga Mani Mizo Tripura,1915,13.9,35.5,89.4,198.9,448.9,465.2,478,510.5,310.4,231.1,37.7,0.4,2819.9,49.4,737.2,1764.1,269.2
Naga Mani Mizo Tripura,1916,13.2,17.5,37.3,212.5,131.8,363.8,491.4,419.3,388.5,417.5,55,7.1,2555,30.7,381.6,1663.1,479.6
Naga Mani Mizo Tripura,1917,1.3,81.8,25.6,289.1,121.7,356.6,387.3,375.8,371.7,147.9,63.3,0.1,2222.2,83.1,436.4,1491.4,211.3
Naga Mani Mizo Tripura,1918,3.8,6.1,138.6,224.8,361.9,573.8,638.5,569.3,363.9,75.7,52.3,4.5,3013.3,9.9,725.3,2145.5,132.5
Naga Mani Mizo Tripura,1919,17.5,18.1,17.3,151.1,132.7,358.4,403.5,372.9,375,111.1,84.8,5.7,2047.9,35.6,301,1509.7,201.6
Naga Mani Mizo Tripura,1920,5.1,56.8,272.7,143.7,167.9,363.3,443.6,449.6,326.2,137,7.1,2.7,2375.8,61.9,584.3,1582.7,146.9
Naga Mani Mizo Tripura,1921,46.9,24.1,179.2,178.2,271.3,443.8,387.8,382.4,430.7,286.7,4.7,2.4,2638.2,70.9,628.8,1644.7,293.8
Naga Mani Mizo Tripura,1922,8.5,4.5,17.3,119.3,182.1,569.1,479.6,536.6,330.9,170.8,38.2,5.8,2462.6,13,318.7,1916.2,214.8
Naga Mani Mizo Tripura,1923,0,64.9,13.5,216.2,296.1,506.2,411.9,488.5,374.9,210.9,93.7,8.7,2685.5,64.9,525.8,1781.5,313.3
Naga Mani Mizo Tripura,1924,3.7,45.2,14.1,170.9,295.1,478.6,462.7,482.2,356.2,179.2,213.7,0.1,2701.7,48.8,480.1,1779.7,393
Naga Mani Mizo Tripura,1925,43,36.4,35,195.6,385.5,362.4,461.4,440.3,280.1,170.7,37,0,2447.5,79.4,616.2,1544.3,207.7
Naga Mani Mizo Tripura,1926,24,70.1,155.5,177.1,229.7,361.1,477.6,441.7,287.3,155.6,36.4,47.1,2463.2,94.1,562.3,1567.7,239.1
Naga Mani Mizo Tripura,1927,41.4,103.5,56.3,360.4,245.2,363.8,498.4,456.6,533.9,178.4,48.6,0.8,2887.5,145,662,1852.7,227.9
Naga Mani Mizo Tripura,1928,4.3,28.5,52.3,65.3,309,463.2,397.7,468.3,392.8,272.5,18.4,0.1,2472.4,32.8,426.7,1722,291
Naga Mani Mizo Tripura,1929,38.3,7.7,48,242.7,433,859.1,385,371.4,314.8,121.7,11.3,26.4,2859.4,46,723.7,1930.4,159.4
Naga Mani Mizo Tripura,1930,22.6,53.6,107.5,161,223.1,506.6,438.2,385.6,256.7,100.8,230.7,1,2487.4,76.3,491.6,1587,332.5
Naga Mani Mizo Tripura,1931,2.7,53,59.6,109.9,360.6,388.8,520,300.4,364.1,209.9,69.2,23,2461.1,55.8,530.1,1573.3,302.1
Naga Mani Mizo Tripura,1932,6.1,69.7,99.1,162.2,323.6,600.7,491.2,402.4,376.2,80.4,145.9,4.3,2761.7,75.7,584.8,1870.5,230.6
Naga Mani Mizo Tripura,1933,2.5,19.7,34.3,167,298.4,463.4,476.3,603.5,259.6,113.4,9.6,4.1,2451.8,22.2,499.7,1802.8,127.1
Naga Mani Mizo Tripura,1934,16,135.1,57.1,191.1,313.2,567.2,618.6,368.3,336.4,227.7,197.3,12.8,3040.8,151.1,561.3,1890.6,437.9
Naga Mani Mizo Tripura,1935,0.6,48.3,43.7,173.3,171.2,547.1,506.4,553.5,339.1,124.8,33.1,2.2,2543.3,48.8,388.2,1946.1,160.1
Naga Mani Mizo Tripura,1936,19.3,73.1,104.6,227.5,489.5,418.3,529.7,507.6,309.4,202.6,22.6,13,2917.1,92.4,821.6,1765,238.2
Naga Mani Mizo Tripura,1937,0.1,60,37.3,85.4,337.1,528.9,490.1,614.8,291,207.1,17.9,72,2741.6,60.1,459.8,1924.7,297
Naga Mani Mizo Tripura,1938,29.2,29.2,133.8,153.6,429,494.6,413.6,491.4,441.7,243.9,111.7,0,2971.6,58.4,716.4,1841.2,355.6
Naga Mani Mizo Tripura,1939,2.6,59.3,34.5,203.7,274.4,449.6,638.8,333.9,380.8,198.8,30,2,2608.3,61.8,512.6,1803.1,230.8
Naga Mani Mizo Tripura,1940,0.3,74.6,230.9,35.5,325.6,496.2,458.2,345.7,373.3,131.6,31.4,23.6,2526.7,74.8,592,1673.4,186.5
Naga Mani Mizo Tripura,1941,14.1,63.1,34.1,256.6,563.1,689.4,489.5,372.6,288.2,143.3,44.2,7.9,2966.2,77.2,853.8,1839.7,195.5
Naga Mani Mizo Tripura,1942,6,15.7,78.7,250.4,305.3,528.7,403.3,461.8,420.8,65.4,143.2,1.5,2680.9,21.7,634.4,1814.6,210.1
Naga Mani Mizo Tripura,1943,68.4,28.8,131.3,143.7,210.3,496.1,422.5,485.2,354.9,84,2.2,0.6,2427.9,97.2,485.2,1758.8,86.7
Naga Mani Mizo Tripura,1944,91.4,20.2,69.7,128.6,321.8,670.5,527.9,440.7,490.8,110.5,4.4,0.7,2877.3,111.6,520.2,2130,115.6
Naga Mani Mizo Tripura,1945,68.7,60.9,67.7,170.4,354.2,595.3,573.9,509.7,378.8,205.6,13.3,53.3,3051.9,129.6,592.3,2057.7,272.2
Naga Mani Mizo Tripura,1946,0,19.1,189.3,237.5,352.4,517.5,647.7,397.9,305.1,311.4,7.7,50.5,3036.2,19.1,779.2,1868.2,369.6
Naga Mani Mizo Tripura,1947,3,4.3,44.3,176,374.4,723.9,640.5,491.1,415.6,306,1.7,29.7,3210.2,7.3,594.6,2271.1,337.3
Naga Mani Mizo Tripura,1948,5.5,65.1,54.3,206.5,468.4,410.3,500.1,472.5,424.2,140,71.4,3.7,2822.1,70.6,729.3,1807.2,215.1
Naga Mani Mizo Tripura,1949,8.1,12.6,67.4,370.2,419.6,562.8,507.7,416.9,427.5,177.3,4.2,2,2976.3,20.6,857.3,1914.9,183.5
Naga Mani Mizo Tripura,1950,12.3,59.7,79.1,87.8,207.4,407.4,449.4,535.3,255.4,237.5,82.9,8.7,2423,72.1,374.3,1647.5,329.1
Naga Mani Mizo Tripura,1951,3.9,0.2,62.4,360.1,233.7,495,436.2,440.5,191.1,310.6,54.9,20.8,2609.3,4.1,656.3,1562.7,386.2
Naga Mani Mizo Tripura,1952,9.6,6.5,97.1,208.2,345.9,442.6,556.8,422.8,320.5,323.6,76.2,1.1,2810.9,16.1,651.2,1742.7,400.9
Naga Mani Mizo Tripura,1953,7.4,16.5,98.4,90,453.5,570.9,387,424.3,443.8,136.2,25,8.7,2661.6,23.8,641.9,1825.9,169.9
Naga Mani Mizo Tripura,1954,12.8,52.4,37.7,165.3,300.2,619.8,491.4,558.3,361.7,294.2,2.4,8.8,2905.1,65.2,503.3,2031.2,305.4
Naga Mani Mizo Tripura,1955,6.2,5.7,161.3,213.6,280.6,461.4,559.2,514.7,253.8,183.5,220.2,5.1,2865,11.9,655.5,1789,408.7
Naga Mani Mizo Tripura,1956,18.3,1.3,102.2,115.5,474,758.9,529.8,469.6,257.5,187.1,101.1,7.4,3022.7,19.6,691.7,2015.7,295.6
Naga Mani Mizo Tripura,1957,59.1,60.6,10.2,104.8,300.1,409.1,425.7,429.1,354.4,148.3,0.8,1.7,2303.9,119.7,415.1,1618.3,150.8
Naga Mani Mizo Tripura,1958,6.2,87.2,18.3,93.7,400.6,256.4,308.3,254.8,299.5,238.5,2.3,2.7,1968.6,93.4,512.6,1119,243.5
Naga Mani Mizo Tripura,1959,39.9,77.7,148,74,260,378.5,396.3,357.3,239.1,352.8,0.1,3.9,2327.6,117.6,482,1371.2,356.8
Naga Mani Mizo Tripura,1960,0,6.1,24.9,34.2,193.8,406.4,374.9,286.6,255.6,165.9,51.3,0.3,1799.9,6.1,252.8,1323.5,217.5
Naga Mani Mizo Tripura,1961,9.5,37.5,193.3,76.9,212.1,332.5,316.5,342.8,258.8,96.1,24.4,0.8,1901.2,47,482.4,1250.5,121.3
Naga Mani Mizo Tripura,1962,11.2,26.6,5.4,139.8,156.6,554.6,298.8,356.6,142.5,130.4,0,0,1822.5,37.8,301.9,1352.4,130.4
Naga Mani Mizo Tripura,1963,0,4.6,50.7,179.3,278.5,687.9,510.3,383,494.6,373.4,6.5,1.2,2970,4.6,508.4,2075.9,381.1
Naga Mani Mizo Tripura,1964,4,37.1,67.9,280.6,303.2,357.8,484.4,242,213.3,284.7,46.3,7.5,2328.7,41.1,651.7,1297.4,338.4
Naga Mani Mizo Tripura,1965,1.9,61.5,35.9,59.4,169.5,520.5,373.4,323,262.2,164.1,22.6,37,2031,63.4,264.7,1479.1,223.7
Naga Mani Mizo Tripura,1966,15,2.7,39.8,85.3,190.3,666.8,399.3,405,361.5,207,40.9,65.1,2478.6,17.7,315.4,1832.6,313
Naga Mani Mizo Tripura,1967,51.5,33.6,129.5,195.8,247.8,311.7,388,334,341.3,184.8,10.9,1.1,2229.9,85,573.1,1374.9,196.8
Naga Mani Mizo Tripura,1968,17.3,20.9,80.9,142.2,253.8,396.1,531.9,391,178.3,68.9,28.7,0,2110,38.1,476.9,1497.4,97.6
Naga Mani Mizo Tripura,1969,20.1,2.4,124.6,189.8,73.5,606.6,868.3,1347.2,228.1,126.3,23.2,0,3610,22.4,387.9,3050.2,149.5
Naga Mani Mizo Tripura,1970,45.8,306.3,103.6,160.1,315.9,541.7,976.7,836.7,486.2,425.6,116.7,1,4316.2,352.1,579.6,2841.3,543.2
Naga Mani Mizo Tripura,1971,28.4,67.6,12.4,312.6,248,543.2,624,553.1,421.2,171.3,94.6,4.5,3080.7,96,572.9,2141.5,270.5
Naga Mani Mizo Tripura,1972,4.5,46.3,32.8,145,169.1,235.6,262.7,270.8,129.6,45,12.5,0,1353.8,50.7,347,898.7,57.5
Naga Mani Mizo Tripura,1973,16.8,46,29.3,135.3,329,367.2,260,323.9,232.7,159.7,162.6,43.6,2105.8,62.7,493.5,1183.8,365.8
Naga Mani Mizo Tripura,1974,8.9,2.4,98.7,160.7,218.8,438.1,517.3,361.5,273.4,167.8,81.8,0.2,2329.6,11.3,478.1,1590.3,249.9
Naga Mani Mizo Tripura,1975,1.2,24.5,17.5,164.2,243.7,348.8,526.6,252.9,278.9,205.1,146.1,0.3,2209.7,25.7,425.3,1407.1,351.5
Naga Mani Mizo Tripura,1976,3.3,51.3,113.7,187.8,287.1,861.1,507.8,365,175.1,64.8,34.2,0.1,2651.4,54.7,588.6,1909,99.2
Naga Mani Mizo Tripura,1977,14.2,34.9,27.7,383.8,303.7,452,389.1,355.8,193,149.6,38.2,16.6,2358.5,49.1,715.1,1389.9,204.4
Naga Mani Mizo Tripura,1978,0.7,4,51.6,147.5,449.4,496.7,357.8,277,273.9,70.4,21.6,0,2150.8,4.7,648.6,1405.5,92
Naga Mani Mizo Tripura,1979,1.3,8.3,72.9,55.4,158.8,361.8,370,309.7,272.9,57.9,47.1,33.1,1749.2,9.6,287.1,1314.4,138.1
Naga Mani Mizo Tripura,1980,7.2,42.4,101.6,145.7,461.5,373.3,327.4,312.1,364.4,168.5,0.1,0.7,2305,49.6,708.8,1377.3,169.3
Naga Mani Mizo Tripura,1981,26.6,26.3,105.5,268,377.5,223.2,448.1,329.7,213.2,33.1,11.5,9.6,2072.2,53,750.9,1214.2,54.2
Naga Mani Mizo Tripura,1982,0.1,54.8,73.8,224.6,103.3,371.9,373.6,466.3,284.5,32.8,38.1,3.7,2027.5,54.9,401.7,1496.3,74.5
Naga Mani Mizo Tripura,1983,19.2,49.3,244.9,303.8,402.4,380.9,329.7,392.8,239.7,189,6.2,30.2,2588,68.4,951.1,1343,225.4
Naga Mani Mizo Tripura,1984,17.4,1.8,5.1,121.1,743,514.6,255.3,387.2,250.2,120.4,9.1,28.8,2454,19.2,869.2,1407.3,158.3
Naga Mani Mizo Tripura,1985,6.4,36.2,87.1,162.8,377.6,507.5,275.5,301.9,279.4,52.3,8.7,9.9,2105.3,42.6,627.5,1364.2,70.9
Naga Mani Mizo Tripura,1986,8.8,7.3,17.7,263.4,153,325.5,376.9,364.6,355.8,311.7,131.2,26.3,2342.3,16.1,434.1,1422.8,469.3
Naga Mani Mizo Tripura,1987,7.7,13.1,68.9,195,144.9,420.8,447.2,422.7,388.6,172.2,74,6.1,2361.3,20.8,408.8,1679.4,252.3
Naga Mani Mizo Tripura,1988,0.4,33.6,83.5,141.9,470.2,466.4,540,407.4,298.6,298.6,75.3,4.3,2820.2,34,695.6,1712.4,378.2
Naga Mani Mizo Tripura,1989,0.7,27.1,17.2,139.1,206.9,367.1,470.6,393.6,376.3,352.9,5.3,2.3,2359,27.8,363.2,1607.6,360.4
Naga Mani Mizo Tripura,1990,0.2,32.5,197.6,274.9,314.6,380,387.9,344.7,339.4,168.2,99.3,42.9,2582.3,32.7,787.2,1452,310.4
Naga Mani Mizo Tripura,1991,27.5,41.9,64.1,253.5,619.4,456.6,297.3,326,387.3,291.4,28,58.9,2851.9,69.4,937,1467.2,378.3
Naga Mani Mizo Tripura,1992,4.4,67.1,23.3,95.7,250.2,343.8,439.1,397.2,323.6,243.2,25.4,8.5,2221.4,71.5,369.2,1503.6,277.1
Naga Mani Mizo Tripura,1993,11.1,139.3,92.8,155.4,499.4,539.6,530.9,428.9,302.9,165.4,16,0,2881.7,150.4,747.7,1802.3,181.4
Naga Mani Mizo Tripura,1994,9.5,30.1,219.3,134.7,130.7,256.2,305.7,335.7,161.6,102,27,0,1712.5,39.6,484.7,1059.2,129
Naga Mani Mizo Tripura,1995,5.4,36.5,52,68.7,254.5,425.8,403.6,495.9,312.5,129.7,155.3,0.2,2340.2,41.9,375.2,1637.9,285.3
Naga Mani Mizo Tripura,1996,8.1,30,153.9,97.3,284.2,314,395.1,363.5,341.3,179.7,18.8,8.7,2194.5,38.1,535.3,1413.9,207.2
Naga Mani Mizo Tripura,1997,11.3,23.7,134.4,112,255,334,598.5,273.9,361.6,48.6,17.8,41.3,2212,35.1,501.4,1567.9,107.7
Naga Mani Mizo Tripura,1998,28.1,31.6,136.4,164.6,352.2,297.6,480.6,367.3,222.3,97.9,46.5,0.3,2225.4,59.7,653.2,1367.9,144.7
Naga Mani Mizo Tripura,1999,2.2,0,33.5,26.3,397.5,358.4,422.7,391.3,338.5,227.7,16.5,18.3,2233,2.2,457.3,1510.9,262.6
Naga Mani Mizo Tripura,2000,22.5,26.1,129.1,214.2,403.6,325.4,269.2,465,298.3,185.2,24.2,1.1,2363.9,48.6,746.9,1357.9,210.4
Naga Mani Mizo Tripura,2001,1.5,46.9,38.8,83.6,313.8,478,322.6,263,269,266.4,65.4,0.2,2149,48.4,436.1,1332.6,332
Naga Mani Mizo Tripura,2002,18.6,3.9,62.7,143.8,438.7,351.6,462.2,358.4,225.7,98.9,71.9,6,2242.3,22.5,645.1,1397.8,176.9
Naga Mani Mizo Tripura,2003,3.8,11.5,78,158.9,265.6,590.9,262.4,281.7,288.4,175.1,5.1,40.9,2162.2,15.3,502.4,1423.4,221.1
Naga Mani Mizo Tripura,2004,4.8,2.7,11,341.5,211,449.2,558.6,284.3,351,132.7,6.4,0.5,2353.7,7.4,563.5,1643.2,139.6
Naga Mani Mizo Tripura,2005,6.4,15,118.6,98.1,237,212.3,301.5,334.8,292.6,194.3,15.6,10.5,1836.7,21.4,453.7,1141.1,220.4
Naga Mani Mizo Tripura,2006,0.6,12.4,5.5,111.1,382.2,445.6,335,241.6,231.1,90.4,13,3.7,1872,12.9,498.8,1253.2,107.1
Naga Mani Mizo Tripura,2007,7.9,54.7,28.7,220.4,276.7,446.3,430,373.8,426.6,180.5,82.6,10.1,2538.2,62.6,525.8,1676.6,273.2
Naga Mani Mizo Tripura,2008,30.7,13.8,49.6,54.9,200.8,327.4,333.3,358.6,223.7,150.2,4.7,1.2,1748.9,44.4,305.3,1243,156.1
Naga Mani Mizo Tripura,2009,0,3.2,27.5,93.1,209.5,271.9,295.8,380.9,271.3,158.2,26.1,0.2,1737.7,3.2,330.1,1219.9,184.5
Naga Mani Mizo Tripura,2010,1,7.9,85.8,161.5,294,411.6,367.5,393.2,309.8,220.2,9.2,33.5,2295.2,8.9,541.4,1482,262.9
Naga Mani Mizo Tripura,2011,12.6,3.6,51.4,81.1,334.9,374.2,313.3,367.6,258.3,92.6,2.4,0.2,1892.1,16.1,467.4,1313.4,95.2
Naga Mani Mizo Tripura,2012,24.5,10.2,20.3,243.5,163.5,396.2,280.1,342.7,248.7,160.9,32,0.4,1922.9,34.7,427.3,1267.6,193.3
Naga Mani Mizo Tripura,2013,0.2,5.7,19.7,60.3,348.9,206.6,255.9,291.3,241.4,125.6,0.3,1.2,1557.2,5.9,428.9,995.2,127.1
Naga Mani Mizo Tripura,2014,1.2,21,25.4,49.6,192.5,268.3,295.7,372.3,300.9,69.6,3.3,0.1,1599.9,22.2,267.5,1237.2,73
Naga Mani Mizo Tripura,2015,14.4,14.2,21.6,253.5,198.3,283.9,413.6,334.2,255.9,118.7,3.9,10,1922.4,28.7,473.4,1287.7,132.6
Naga Mani Mizo Tripura,2016,8.5,33.5,57.6,135.4,285.7,287.8,326.2,319,296,114.7,90.3,1.7,1956.4,42,478.7,1229,206.7
Naga Mani Mizo Tripura,2017,0.8,11.9,125.3,277.6,196.7,502.7,431.5,543.3,352.2,287.6,7.6,68.1,2805.4,12.7,599.7,1829.8,363.3
Sub Himalayan West Bengal & Sikkim,1901,26.5,14.8,14.1,29.2,195.5,488.4,524.8,501.1,242.7,55.5,17.9,2.6,2113.2,41.3,238.9,1757,76.1
Sub Himalayan West Bengal & Sikkim,1902,1.2,0.7,87.1,126.1,271.3,539.2,671,603.8,799.9,74.4,5.6,0,3180.4,1.9,484.6,2613.9,80.1
Sub Himalayan West Bengal & Sikkim,1903,5.5,8.7,19.6,18.6,163.6,541.2,431.5,708.8,365.2,141.3,0.3,0,2404.5,14.3,201.9,2046.7,141.6
Sub Himalayan West Bengal & Sikkim,1904,3.4,29.2,0.9,124.3,333.6,274.2,500.4,468.5,260.6,164.8,8.9,1.1,2169.9,32.5,458.8,1503.7,174.8
Sub Himalayan West Bengal & Sikkim,1905,12,31.2,51.9,104.4,290.6,524.8,523.1,1036.6,321.1,87.9,2.7,18.7,3005,43.2,447,2405.6,109.3
Sub Himalayan West Bengal & Sikkim,1906,9.3,49.2,30.4,13,198.1,438,706.4,816,208.6,140.5,8,0.4,2618,58.5,241.5,2169,149
Sub Himalayan West Bengal & Sikkim,1907,10.4,20.8,71.1,108.8,156.2,408.1,889.8,358.8,456.1,40,5.8,4.1,2530,31.2,336.1,2112.9,49.8
Sub Himalayan West Bengal & Sikkim,1908,10.6,32.9,9.8,53.8,315,368.6,449.1,268.5,441.6,36,2.3,0,1988.2,43.5,378.6,1527.8,38.3
Sub Himalayan West Bengal & Sikkim,1909,2.1,8.6,0,147.8,191.9,896,340.9,600.5,340.2,136.8,3.6,1.8,2670.1,10.7,339.7,2177.5,142.2
Sub Himalayan West Bengal & Sikkim,1910,2.5,17.4,73.2,47.4,170.4,833.7,859.8,489.2,353.1,188,11.2,0.2,3046.1,19.9,291.1,2535.7,199.3
Sub Himalayan West Bengal & Sikkim,1911,22.9,6.7,40.8,117.3,315.2,575.4,853.2,430.4,493.3,326.4,12.4,0.1,3194.2,29.7,473.3,2352.3,338.9
Sub Himalayan West Bengal & Sikkim,1912,2.3,12,81.8,134.7,277.3,397.8,743.5,553.3,335.6,133,121.9,0.5,2793.6,14.3,493.8,2030.1,255.4
Sub Himalayan West Bengal & Sikkim,1913,0.7,35.1,46.5,52.2,301.4,736.9,596.1,477.7,476.6,153.7,4.8,53.2,2935.1,35.9,400.1,2287.4,211.8
Sub Himalayan West Bengal & Sikkim,1914,2.2,70,9.1,139.2,247.7,402.2,351.3,741.7,392.8,43,14.8,0.3,2414.1,72.2,396,1887.9,58
Sub Himalayan West Bengal & Sikkim,1915,1,52.9,50.4,72.7,366.4,352.7,509.1,610.7,359,116.5,13,0.6,2504.9,53.9,489.5,1831.5,130.1
Sub Himalayan West Bengal & Sikkim,1916,6.6,17.6,8.7,165.3,305.4,649,1020.8,514.9,571.9,209.9,5.6,1.1,3476.8,24.2,479.4,2756.6,216.6
Sub Himalayan West Bengal & Sikkim,1917,1,21.4,15.1,23.4,226.1,619.4,740.5,410.5,428,354.3,1.7,0.4,2841.6,22.4,264.5,2198.4,356.3
Sub Himalayan West Bengal & Sikkim,1918,0.8,1.5,17.2,141.9,306.3,682.6,703.8,746.9,345,33.6,2,0.1,2981.4,2.2,465.3,2478.2,35.6
Sub Himalayan West Bengal & Sikkim,1919,19.6,5,5.5,93.4,177.8,558,704,285.9,518.2,170.5,6.1,0.4,2544.5,24.6,276.7,2066.1,177
Sub Himalayan West Bengal & Sikkim,1920,0.8,24.2,80.5,66,148.9,615.2,389.8,608.7,788.8,161,0.2,0,2884.1,25.1,295.3,2402.5,161.2
Sub Himalayan West Bengal & Sikkim,1921,37.9,6,54.9,157.4,503.1,589.2,970.2,521.4,479.6,183.8,2.7,7.1,3513.4,43.9,715.5,2560.4,193.7
Sub Himalayan West Bengal & Sikkim,1922,17.8,2.5,5.6,45.4,217.1,803,719.8,526.3,571.2,87.2,1.9,3.9,3001.9,20.4,268.1,2620.3,93.1
Sub Himalayan West Bengal & Sikkim,1923,0,40.2,3.8,104.2,336.5,536.9,656.3,228.1,504.1,76.5,0.6,1.7,2489,40.2,444.5,1925.4,78.9
Sub Himalayan West Bengal & Sikkim,1924,0.8,3.5,4.1,110.9,264.7,693.1,732,491.2,439,128.2,81.4,1.9,2950.9,4.3,379.7,2355.4,211.5
Sub Himalayan West Bengal & Sikkim,1925,3,6.1,13.1,261.6,284.6,554.1,446,664.5,568.6,69.3,14.8,0.8,2886.6,9.1,559.3,2233.3,84.9
Sub Himalayan West Bengal & Sikkim,1926,12.7,2.9,66.5,43.7,236.1,580.8,853.8,396.4,331.8,102.8,0.2,9.9,2637.7,15.6,346.4,2162.8,112.9
Sub Himalayan West Bengal & Sikkim,1927,21,33.9,56.4,44.5,300.4,682.1,518.1,408.4,543.5,107.3,16.3,0.3,2732.2,55,401.2,2152,124
Sub Himalayan West Bengal & Sikkim,1928,25.5,11.8,5.4,92.6,210.8,527.8,666.2,660.9,395.9,255.3,14.9,1.9,2868.9,37.3,308.9,2250.7,272.1
Sub Himalayan West Bengal & Sikkim,1929,49.7,2,37.9,126.4,235,594,554.5,392.6,400.9,513.5,10.5,14.3,2931.3,51.7,399.4,1942,538.3
Sub Himalayan West Bengal & Sikkim,1930,17.6,19.9,51.7,61.3,192.3,495.1,346.1,475.8,329.6,140.4,52,2.4,2184.5,37.5,305.4,1646.7,194.9
Sub Himalayan West Bengal & Sikkim,1931,2.8,9.7,28.2,98.6,296.3,523.7,793.8,408.7,585.3,112.1,12.7,4.5,2876.5,12.4,423.2,2311.6,129.3
Sub Himalayan West Bengal & Sikkim,1932,3,7,8.6,72.4,255.9,731.3,363.5,582.9,380.1,154.4,132.1,24.4,2715.6,10,336.9,2057.8,310.9
Sub Himalayan West Bengal & Sikkim,1933,16.5,9.4,0.5,112.4,206,565.3,653.3,512.3,284.1,149.3,3.9,1.1,2514.2,25.9,318.9,2015,154.4
Sub Himalayan West Bengal & Sikkim,1934,10.5,60.2,0.4,86.8,227.5,517.2,656.2,455.6,436.3,151.4,4,6.8,2612.9,70.7,314.7,2065.4,162.2
Sub Himalayan West Bengal & Sikkim,1935,9.5,28.4,16.6,24.2,248.9,609.2,365.4,935.1,521.7,18,6.3,1.8,2785.1,37.9,289.7,2431.5,26.1
Sub Himalayan West Bengal & Sikkim,1936,3.7,8.9,46.7,85.7,274.8,410.4,663.8,508.7,536,113.2,0.1,8.3,2660.3,12.5,407.3,2118.8,121.6
Sub Himalayan West Bengal & Sikkim,1937,0,68.6,2.2,63.7,270.2,317.2,477.3,654,354.8,351.6,6.7,2,2568.4,68.6,336,1803.4,360.4
Sub Himalayan West Bengal & Sikkim,1938,0.8,8.2,7.6,76.2,460.9,889.2,699.4,539,461,102.4,4.4,0.1,3249.3,8.9,544.7,2588.7,106.9
Sub Himalayan West Bengal & Sikkim,1939,0,19.8,5.8,6.7,268.3,626.3,605.9,460.5,444.6,146.3,6.5,0.3,2591.1,19.8,280.8,2137.4,153.1
Sub Himalayan West Bengal & Sikkim,1940,0.1,54.2,121.2,24.7,217.1,469.1,600.3,400.8,408.4,11.7,9.5,3.1,2320.2,54.2,363,1878.7,24.3
Sub Himalayan West Bengal & Sikkim,1941,3.8,6.3,12.7,85.4,378.8,470.1,544.9,582.1,452.8,154.5,22,4.5,2718,10.1,477,2049.9,181
Sub Himalayan West Bengal & Sikkim,1942,6.6,19.5,45.7,186.9,253.8,537.8,382.2,363.8,511.7,49.7,7.6,0,2365.4,26.1,486.4,1795.6,57.3
Sub Himalayan West Bengal & Sikkim,1943,42,38.8,30.3,185,209.6,828.9,450,555.7,532.8,39.6,4,0.9,2917.6,80.8,424.9,2367.4,44.5
Sub Himalayan West Bengal & Sikkim,1944,37.1,15.7,53.9,105.9,248.8,585.9,446.9,416.7,613.3,52.1,6.9,0,2583.2,52.8,408.6,2062.8,59
Sub Himalayan West Bengal & Sikkim,1945,27.8,21.3,6.9,120.3,305.4,398.3,551.3,680,406.9,235.9,0,1.3,2755.4,49.2,432.6,2036.5,237.1
Sub Himalayan West Bengal & Sikkim,1946,0,11.6,34.2,182.8,248.7,523.4,599.9,401.1,461.7,297,7.8,0.2,2768.5,11.6,465.7,1986.1,305.1
Sub Himalayan West Bengal & Sikkim,1947,1.6,0.8,93.4,76,171.1,377.7,688.1,439.2,542,141.9,1.9,0.5,2534.1,2.4,340.5,2046.9,144.3
Sub Himalayan West Bengal & Sikkim,1948,0.5,15.5,21.5,178.3,357.5,556.3,798,415.5,349.2,185.8,57.1,1.3,2936.6,15.9,557.3,2119.1,244.2
Sub Himalayan West Bengal & Sikkim,1949,9.6,25.5,14.1,281.8,351.9,660.9,645.1,586.3,395.8,311.4,0.1,5.1,3287.7,35.1,647.8,2288.1,316.7
Sub Himalayan West Bengal & Sikkim,1950,0.3,19.6,27.9,48.4,210.4,747.5,570.9,639.9,366.2,131,0.2,0.3,2762.5,19.9,286.7,2324.5,131.5
Sub Himalayan West Bengal & Sikkim,1951,1,0.5,22.7,69.3,239.8,546.5,778.3,503.7,326.1,158,37.3,0,2683.1,1.5,331.7,2154.5,195.4
Sub Himalayan West Bengal & Sikkim,1952,1.3,22.2,80.8,168.2,420.8,580.6,713,522.9,587.9,148.8,20.7,3.7,3270.7,23.4,669.9,2404.3,173.1
Sub Himalayan West Bengal & Sikkim,1953,28.2,10.7,88.1,64.5,253.2,427.7,755.2,315.5,540.7,105.7,0.4,4.1,2594,39,405.8,2039.1,110.2
Sub Himalayan West Bengal & Sikkim,1954,15.7,10.2,10,71.1,308.9,841.5,961.5,496.2,250.8,85.6,0.7,3.5,3055.6,25.9,390,2549.9,89.7
Sub Himalayan West Bengal & Sikkim,1955,4.6,2.8,34.6,71.5,220.5,541,1064.6,626.2,365,51.3,6.1,4.6,2992.9,7.4,326.6,2596.9,62
Sub Himalayan West Bengal & Sikkim,1956,14.8,1.4,42.6,164.9,420.9,747.9,471.4,486.8,285.2,215.8,30.1,3.6,2885.5,16.2,628.4,1991.4,249.6
Sub Himalayan West Bengal & Sikkim,1957,103,8.9,25.5,10.6,167.7,430.2,650.6,535.4,208.4,73.7,7.7,3.8,2225.5,112,203.7,1824.6,85.1
Sub Himalayan West Bengal & Sikkim,1958,8.1,17.5,14.8,120.6,269.4,487.8,500.3,898.1,353.2,145.6,1.8,3,2820.3,25.6,404.8,2239.4,150.4
Sub Himalayan West Bengal & Sikkim,1959,99.8,5.7,64.3,111.6,218.7,565.9,538.6,291.7,337.9,345,0.9,0.1,2580.1,105.5,394.6,1734.2,346
Sub Himalayan West Bengal & Sikkim,1960,0.1,6.5,52,4.8,293.2,407.2,764.5,387.2,623,71.9,0,0,2610.5,6.6,350,2182,71.9
Sub Himalayan West Bengal & Sikkim,1961,11.5,38.9,19.6,39.3,279.2,448.3,448.9,542,341.5,127.5,2.1,5.4,2304.2,50.4,338.1,1780.8,135
Sub Himalayan West Bengal & Sikkim,1962,33,21.7,14.4,57.2,318.7,537.1,516.6,663.2,279.5,77.4,0.4,2.6,2521.7,54.7,390.3,1996.4,80.3
Sub Himalayan West Bengal & Sikkim,1963,2.1,0.7,32.2,103.9,323.6,409.4,676.1,611.9,267.7,152.5,21.7,3,2604.7,2.7,459.7,1965.1,177.2
Sub Himalayan West Bengal & Sikkim,1964,0,1.2,9.4,127,184.7,613.2,959.1,445.6,486.8,151,3.4,0.1,2981.4,1.2,321,2504.7,154.5
Sub Himalayan West Bengal & Sikkim,1965,0.2,22,48.2,69.5,232.4,444.6,697.6,830.2,345.7,39.5,32.7,0.2,2762.7,22.1,350.1,2318.2,72.3
Sub Himalayan West Bengal & Sikkim,1966,29.5,7.6,3,51.5,231.7,287.5,741.5,682.8,357.3,100.9,18.3,3.8,2515.3,37.1,286.2,2069.1,123
Sub Himalayan West Bengal & Sikkim,1967,2.3,0.1,98.8,85.3,213.7,727.5,901.6,274.1,409.4,128.7,7.9,11.1,2860.5,2.4,397.8,2312.6,147.7
Sub Himalayan West Bengal & Sikkim,1968,26.3,4.7,34.3,90.8,237.3,646.7,827.6,594.2,514.8,314.3,87.3,0.5,3378.8,31,362.4,2583.3,402.1
Sub Himalayan West Bengal & Sikkim,1969,11.5,2.8,45.1,77.5,273.3,504.8,550.5,448.2,431.2,45.8,34.1,0,2424.9,14.4,396,1934.6,79.9
Sub Himalayan West Bengal & Sikkim,1970,18,13.4,7.6,162.5,162.7,556.6,731.2,425.4,560.8,60.7,3.3,0,2702.3,31.4,332.9,2273.9,64.1
Sub Himalayan West Bengal & Sikkim,1971,28.4,21.3,63,239.8,244.5,757.6,599.5,542,375.4,328.7,24.8,1.9,3226.8,49.7,547.4,2274.4,355.4
Sub Himalayan West Bengal & Sikkim,1972,9.4,41.6,52.1,134.3,287.5,457.2,590.3,335.1,407.1,86.8,12.3,0.9,2414.6,51,473.9,1789.7,100
Sub Himalayan West Bengal & Sikkim,1973,13.8,35.9,40.8,82.9,324.3,679.8,426.5,424.7,474.1,281.3,16.6,3.9,2804.6,49.7,448,2005.1,301.8
Sub Himalayan West Bengal & Sikkim,1974,19.1,2.5,94.4,210.8,339,508.1,826.8,673.7,480.8,175,3,8.3,3341.6,21.6,644.2,2489.4,186.3
Sub Himalayan West Bengal & Sikkim,1975,20.4,29.9,15.6,83.7,251.1,493.2,808.2,263.8,515.7,174.6,1,6.6,2663.6,50.2,350.4,2080.8,182.2
Sub Himalayan West Bengal & Sikkim,1976,8.8,51,27.3,112.8,303.5,649.2,531.9,671.7,288,113.1,35.5,1.2,2793.9,59.7,443.6,2140.8,149.8
Sub Himalayan West Bengal & Sikkim,1977,6.6,16,67.6,245.6,308.1,466,502.9,627.8,316,263.7,60.8,25.3,2906.5,22.6,621.3,1912.7,349.8
Sub Himalayan West Bengal & Sikkim,1978,14.7,17.9,49.3,136.7,313.3,515.5,545.2,274,376.5,62.9,61.1,10.8,2377.8,32.6,499.2,1711.1,134.8
Sub Himalayan West Bengal & Sikkim,1979,8.1,26.8,15.1,100.6,142,261.7,741.7,432.4,427,286.5,31.7,38.1,2511.7,34.9,257.7,1862.9,356.3
Sub Himalayan West Bengal & Sikkim,1980,11.6,44.8,77.3,130.4,300.1,485.9,774.4,692.5,477.5,151.2,0.9,2,3148.6,56.4,507.8,2430.4,154.1
Sub Himalayan West Bengal & Sikkim,1981,48.8,23,77.8,185.6,273.7,468.6,833.1,540.9,453.2,38.1,9.2,17.3,2969.3,71.8,537.1,2295.9,64.6
Sub Himalayan West Bengal & Sikkim,1982,0.2,9.9,47,125.6,174.5,499,749.5,305.5,341.6,54.1,20,10.6,2337.7,10.1,347.1,1895.7,84.8
Sub Himalayan West Bengal & Sikkim,1983,26.7,56.9,35.3,87.7,335.3,557.9,758.4,295.6,535.8,125.1,3.2,20.8,2838.8,83.7,458.3,2147.6,149.1
Sub Himalayan West Bengal & Sikkim,1984,29.3,11.3,42.6,127.3,360.1,474.6,737.2,364.8,405.5,179.1,5.1,11.5,2748.4,40.6,530,1982.1,195.7
Sub Himalayan West Bengal & Sikkim,1985,2.2,30.5,43.2,69.5,358.6,532.7,907.4,372.7,464.5,211.9,17.4,27.3,3037.9,32.8,471.2,2277.3,256.6
Sub Himalayan West Bengal & Sikkim,1986,1.3,5.8,7.9,122.4,152.1,436.4,545.4,363.2,493.9,215.1,15.5,6.4,2365.4,7.1,282.4,1838.9,237
Sub Himalayan West Bengal & Sikkim,1987,2.8,35.3,79.8,152.7,148,451,791.9,836.6,530.3,150.3,5.6,1.2,3185.5,38.1,380.6,2609.8,157.1
Sub Himalayan West Bengal & Sikkim,1988,6.8,24.6,71.2,96.5,268.8,304.9,831.7,990.5,446.6,76,18.4,5.5,3141.4,31.4,436.5,2573.6,99.9
Sub Himalayan West Bengal & Sikkim,1989,21,41.6,45.8,58.1,358.4,551.3,629.8,407.8,593.6,98.9,30.7,17.6,2854.6,62.6,462.2,2182.5,147.2
Sub Himalayan West Bengal & Sikkim,1990,3.8,109.9,80.1,158.3,358.2,554.7,814.1,916.6,440.6,115,0.4,13.7,3565.3,113.6,596.6,2726,129.1
Sub Himalayan West Bengal & Sikkim,1991,41.5,24.2,45.8,102.7,283.7,691.4,592.6,500.9,689.5,67.8,1.7,30.4,3072.4,65.7,432.3,2474.4,99.9
Sub Himalayan West Bengal & Sikkim,1992,10,46.7,26,84,2                                                                                                                                                                                                                                                                                                                                                                                                                                                                                                                                                                                                                                                                                                                                                                                                                                                                                                                                                                                                                                                                                                                                                                                                                                                                                                                                                                                                                                                                                                                                                                                                                                                                                                                                                                                                                                                                                                                                                                                                                                                                                                                                                                                                                                                                                                                                                                                                                                                                                                                                                                                                                                                                                                                                                                                                                                                                                                                                                                                                                                                                                                                                                                                                                                                                                                                                                                                                                                                                                                                                                                                                                                                                                                                                                                                                                                                                                                                                                                                                                                                                                                                                                                                                                                                                                                                                                                                                                                                                                                                                                                                                                                                                                                                                                                                                                                                                                                                                                                                                                                                                                                                                                                                                                                                                                                                                                                                                                                                                                                                                                                                                                                                                                                                                                                                                                                                                                                                                                                                                                                                                                                                                                                                                                                                                                                                                                                                                                                                                                                                                                                                                                                                                                                                                                                                                                                                                                                                                                                                                                                                                                                                                                                                                                                                                                                                                                                                                                                                                                                                                                                                                                                                                                                                                                                                                                                                                                                                                                                                                                                                                                                                                                                                                                                                                                                                                                                                                                                                                                                                                                                                                                                                                                                                                                                                                                                                                                                                                                                                                                                                                                                                                                                                                                                                                                                                                                                                                                                                                                                                                                                                                                                                                                                                                                                                                                                                                                                                                                                                                                                                                                                                                                                                                                                                                                                                                                                                                                                                                                                                                                                                                                                                                                                                                                                                                                                                                                                                                                                                                                                                                                                                                                                                                                                                                                                                                                                                                                                                                                                                                                                                                                                                                                                                                                                                                                                                                                                                                                                                                                                                                                                                                                                                                                                                                                                                                                                                                                                                                                                                                                                                                                                                                                                                                                                                                                                                                                                                                                                                                                                                                                                                                                                                                                                                                                                                                                                                                                                                                                                                                                                                                                                                                                                                                                                                                                                                                                                                                                                                                                                                                                                                                                                                                                                                                                                                                                                                                                                                                                                                                                                                                                                                                                                                                                                                                                                                                                                                                                                                                                                                                                                                                                                                                                                                                                                                                                                                                                                                                                                                                                                                                                                                                                                                                                                                                                                                                                                                                                                                                                                                                                                                                                                                                                                                                                                                                                                                                                                                                                                                                                                                                                                                                                                                                                                                                                                                                                                                                                                                                                                                                                                                                                                                                                                                                                                                                                                                                                                                                                                                                                                                                                                                                                                                                                                                                                                                                                                                                                                                                                                                                                                                                                                                                                                                                                                                                                                                                                                                                                                                                                                                                                                                                                                                                                                                                                                                                                                                                                                                                                                                                                                                                                                                                                                                                                                                                                                                                                                                                                                                                                                                                                                                                                                                                                                                                                                                                                                                                                                                                                                                                                                                                                                                                                                                                                                                                                                                                                                                                                                                                                                                                                                                                                                                                                                                                                                                                                                                                                                                                                                                                                                                                                                                                                                                                                                                                                                                                                                                                                                                                                                                                                                                                                                                                                                                                                                                                                                                                                                                                                                                                                                                                                                                                                                                                                                                                                                                                                                                                                                                                                                                                                                                                                                                                                                                                                                                                                                                                                                                                                                                                                                                                                                                                                                                                                                                                                                                                                                                                                                                                                                                                                                                                                                                                                                                                                                                                                                                                                                                                                                                                                                                                                                                                                                                                                                                                                                                                                                                                                                                                                                                                                                                                                                                                                                                                                                                                                                                                                                                                                                                                                                                                                                                                                                                                                                                                                                                                                                                                                                                                                                                                                                                                                                                                                                                                                                                                                                                                                                                                                                                                                                                                                                                                                                                                                                                                                                                                                                                                                                                                                                                                                                                                                                                                                                                                                                                                                                                                                                                                                                                                                                                                                                                                                                                                                                                                                                                                                                                                                                                                                                                                                                                                                                                                                                                                                                                                                                                                                                                                                                                                                                                                                                                                                                                                                                                                                                                                                                                                                                                                                                                                                                                                                                                                                                                                                                                                                                                                                                                                                                                                                                                                                                                                                                                                                                                                                                                                                                                                                                                                                                                                                                                                                                                                                                                                                                                                                                                                                                                                                                                                                                                                                                                                                                                                                                                                                                                                                                                                                                                                                                                                                                                                                                                                                                                                                                                                                                                                                                                                                                                                                                                                                                                                                                                                                                                                                                                                                                                                                                                                                                                                                                                                                                                                                                                                                                                                                                                                                                                                                                                                                                                                                                                                                                                                                                                                                                                                                                                                                                                                                                                                                                                                                                                                                                                                                                                                                                                                                                                                                                                                                                                                                                                                                                                                                                                                                                                                                                                                                                                                                                                                                                                                                                                                                                                                                                                                                                                                                                                                                                                                                                                                                                                                                                                                                                                                                                                                                                                                                                                                                                                                                                                                                                                                                                                                                                                                                                                                                                                                                                                                                                                                                                                                                                                                                                                                                                                                                                                                                                                                                                                                                                                                                                                                                                                                                                                                                                                                                                                                                                                                                                                                                                                                                                                                                                                                                                                                                                                                                                                                                                                                                                                                                                                                                                                                                                                                                                                                                                                                                                                                                                                                                                                                                                                                                                                                                                                                                                                                                                                                                                                                                                                                                                                                                                                                                                                                                                                                                                                                                                                                                                                                                                                                                                                                                                                                                                                                                                                                                                                                                                                                                                                                                                                                                                                                                                                                                                                                                                                                                                                                                                                                                                                                                                                                                                                                                                                                                                                                                                                                                                                                                                                                                                                                                                                                                                                                                                                                                                                                                                                                                                                                                                                                                                                                                                                                                                                                                                                                                                                                                                                                                                                                                                                                                                                                                                                                                                                                                                                                                                                                                                                                                                                                                                                                                                                                                                                                                                                                                                                                                                                                                                                                                                                                                                                                                                                                                                                                                                                                                                                                                                                                                                                                                                                                                                                                                                                                                                                                                                                                                                                                                                                                                                                                                                                                                                                                                                                                                                                                                                                                                                                                                                                                                                                                                                                                                                                                                                                                                                                                                                                                                                                                                                                                                                                                                                                                                                                                                                                                                                                                                                                                                                                                                                                                                                                                                                                                                                                                                                                                                                                                                                                                                                                                                                                                                                                                                                                                                                                                                                                                                                                                                                                                                                                                                                                                                                                                                                                                                                                                                                                                                                                                                                                                                                                                                                                                                                                                                                                                                                                                                                                                                                                                                                                                                                                                                                                                                                                                                                                                                                                                                                                                                                                                                                                                                                                                                                                                                                                                                                                                                                                                                                                                                                                                                                                                                                                                                                                                                                                                                                                                                                                                                                                                                                                                                                                                                                                                                                                                                                                                                                                                                                                                                                                                                                                                                                                                                                                                                                                                                                                                                                                                                                                                                                                                                                                                                                                                                                                                                                                                                                                                                                                                                                                                                                                                                                                                                                                                                                                                                                                                                                                                                                                                                                                                                                                                                                                                                                                                                                                                                                                                                                                                                                                                                                                                                                                                                                                                                                                                                                                                                                                                                                                                                                                                                                                                                                                                                                                                                                                                                                                                                                                                                                                                                                                                                                                                                                                                                                                                                                                                                                                                                                                                                                                                                                                                                                                                                                                                                                                                                                                                                                                                                                                                                                                                                                                                                                                                                                                                                                                                                                                                                                                                                                                                                                                                                                                                                                                                                                                                                                                                                                                                                                                                                                                                                                                                                                                                                                                                                                                                                                                                                                                                                                                                                                                                                                                                                                                                                                                                                                                                                                                                                                                                                                                                                                                                                                                                                                                                                                                                                                                                                                                                                                                                                                                                                                                                                                                                                                                                                                                                                                                                                                                                                                                                                                                                                                                                                                                                                                                                                                                                                                                                                                                                                                                                                                                                                                                                                                                                                                                                                                                                                                                                                                                                                                                                                                                                                                                                                                                                                                                                                                                                                                                                                                                                                                                                                                                                                                                                                                                                                                                                                                                                                                                                                                                                                                                                                                                                                                                                                                                                                                                                                                                                                                                                                                                                                                                                                                                                                                                                                                                                                                                                                                                                                                                                                                                                                                                                                                                                                                                                                                                                                                                                                                                                                                                                                                                                                                                                                                                                                                                                                                                                                                                                                                                                                                                                                                                                                                                                                                                                                                                                                                                                                                                                                                                                                                                                                                                                                                                                                                                                                                                                                                                                                                                                                                                                                                                                                                                                                                                                                                                                                                                                                                                                                                                                                                                                                                                                                                                                                                                                                                                                                                                                                                                                                                                                                                                                                                                                                                                                                                                                                                                                                                                                                                                                                                                                                                                                                                                                                                                                                                                                                                                                                                                                                                                                                                                                                                                                                                                                                                                                                                                                                                                                                                                                                                                                                                                                                                                                                                                                                                                                                                                                                                                                                                                                                                                                                                                                                                                                                                                                                                                                                                                                                                                                                                                                                                                                                                                                                                                                                                                                                                                                                                                                                                                                                                                                                                                                                                                                                                                                                                                                                                                                                                                                                                                                                                                                                                                                                                                                                                                                                                                                                                                                                                                                                                                                                                                                                                                                                                                                                                                                                                                                                                                                                                                                                                                                                                                                                                                                                                                                                                                                                                                                                                                                                                                                                                                                                                                                                                                                                                                                                                                                                                                                                                                                                                                                                                                                                                                                                                                                                                                                                                                                                                                                                                                                                                                                                                                                                                                                                                                                                                                                                                                                                                                                                                                                                                                                                                                                                                                                                                                                                                                                                                                                                                                                                                                                                                                                                                                                                                                                                                                                                                                                                                                                                                                                                                                                                                                                                                                                                                                                                                                                                                                                                                                                                                                                                                                                                                                                                                                                                                                                                                                                                                                                                                                                                                                                                                                                                                                                                                                                                                                                                                                                                                                                                                                                                                                                                                                                                                                                                                                                                                                                                                                                                                                                                                                                                                                                                                                                                                                                                                                                                                                                                                                                                                                                                                                                                                                                                                                                                                                                                                                                                                                                                                                                                                                                                                                                                                                                                                                                                                                                                                                                                                                                                                                                                                                                                                                                                                                                                                                                                                                                                                                                                                                                                                                                                                                                                                                                                                                                                                                                                                                                                                                                                                                                                                                                                                                                                                                                                                                                                                                                                                                                                                                                                                                                                                                                                                                                                                                                                                                                                                                                                                                                                                                                                                                                                                                                                                                                                                                                                                                                                                                                                                                                                                                                                                                                                                                                                                                                                                                                                                                                                                                                                                                                                                                                                                                                                                                                                                                                                                                                                                                                                                                                                                                                                                                                                                                                                                                                                                                                                                                                                                                                                                                                                                                                                                                                                                                                                                                                                                                                                                                                                                                                                                                                                                                                                                                                                                                                                                                                                                                                                                                                                                                                                                                                                                                                                                                                                                                                                                                                                                                                                                                                                                                                                                                                                                                                                                                                                                                                                                                                                                                                                                                                                                                                                                                                                                                                                                                                                                                                                                                                                                                                                                                                                                                                                                                                                                                                                                                                                                                                                                                                                                                                                                                                                                                                                                                                                                                                                                                                                                                                                                                                                                                                                                                                                                                                                                                                                                                                                                                                                                                                                                                                                                                                                                                                                                                                                                                                                                                                                                                                                                                                                                                                                                                                                                                                                                                                                                                                                                                                                                                                                                                                                                                                                                                                                                                                                                                                                                                                                                                                                                                                                                                                                                                                                                                                                                                                                                                                                                                                                                                                                                                                                                                                                                                                                                                                                                                                                                                                                                                                                                                                                                                                                                                                                                                                                                                                                                                                                                                                                                                                                                                                                                                                                                                                                                                                                                                                                                                                                                                                                                                                                                                                                                                                                                                                                                                                                                                                                                                                                                                                                                                                                                                                                                                                                                                                                                                                                                                                                                                                                                                                                                                                                                                                                                                                                                                                                                                                                                                                                                                                                                                                                                                                                                                                                                                                                                                                                                                                                                                                                                                                                                                                                                                                                                                                                                                                                                                                                                                                                                                                                                                                                                                                                                                                                                                                                                                                                                                                                                                                                                                                                                                                                                                                                                                                                                                                                                                                                                                                                                                                                                                                                                                                                                                                                                                                                                                                                                                                                                                                                                                                                                                                                                                                                                                                                                                                                                                                                                                                                                                                                                                                                                                                                                                                                                                                                                                                                                                                                                                                                                                                                                                                                                                                                                                                                                                                                                                                                                                                                                                                                                                                                                                                                                                                                                                                                                                                                                                                                                                                                                                                                                                                                                                                                                                                                                                                                                                                                                                                                                                                                                                                                                                                                                                                                                                                                                                                                                                                                                                                                                                                                                                                                                                                                                                                                                                                                                                                                                                                                                                                                                                                                                                                                                                                                                                                                                                                                                                                                                                                                                                                                                                                                                                                                                                                                                                                                                                                                                                                                                                                                                                                                                                                                                                                                                                                                                                                                                                                                                                                                                                                                                                                                                                                                                                                                                                                                                                                                                                                                                                                                                                                                                                                                                                                                                                                                                                                                                                                                                                                                                                                                                                                                                                                                                                                                                                                                                                                                                                                                                                                                                                                                                                                                                                                                                                                                                                                                                                                                                                                                                                                                                                                                                                                                                                                                                                                                                                                                                                                                                                                                                                                                                                                                                                                                                                                                                                                                                                                                                                                                                                                                                                                                                                                                                                                                                                                                                                                                                                                                                                                                                                                                                                                                                                                                                                                                                                                                                                                                                                                                                                                                                                                                                                                                                                                                                                                                                                                                                                                                                                                                                                                                                                                                                                                                                                                                                                                                                                                                                                                                                                                                                                                                                                                                                                                                                                                                                                                                                                                                                                                                                                                                                                                                                                                                                                                                                                                                                                                                                                                                                                                                                                                                                                                                                                                                                                                                                                                                                                                                                                                                                                                                                                                                                                                                                                                                                                                                                                                                                                                                                                                                                                                                                                                                                                                                                                                                                                                                                                                                                                                                                                                                                                                                                                                                                                                                                                                                                                                                                                                                                                                                                                                                                                                                                                                                                                                                                                                                                                                                                                                                                                                                                                                                                                                                                                                                                                                                                                                                                                                                                                                                                                                                                                                                                                                                                                                                                                                                                                                                                                                                                                                                                                                                                                                                                                                                                                                                                                                                                                                                                                                                                                                                                                                                                                                                                                                                                                                                                                                                                                                                                                                                                                                                                                                                                                                                                                                                                                                                                                                                                                                                                                                                                                                                                                                                                                                                                                                                                                                                                                                                                                                                                                                                                                                                                                                                                                                                                                                                                                                                                                                                                                                                                                                                                                                                                                                                                                                                                                                                                                                                                                                                                                                                                                                                                                                                                                                                                                                                                                                                                                                                                                                                                                                                                                                                                                                                                                                                                                                                                                                                                                                                                                                                                                                                                                                                                                                                                                                                                                                                                                                                                                                                                                                                                                                                                                                                                                                                                                                                                                                                                                                                                                                                                                                                                                                                                                                                                                                                                                                                                                                                                                                                                                                                                                                                                                                                                                                                                                                                                                                                                                                                                                                                                                                                                                                                                                                                                                                                                                                                                                                                                                                                                                                                                                                                                                                                                                                                                                                                                                                                                                                                                                                                                                                                                                                                                                                                                                                                                                                                                                                                                                                                                                                                                                                                                                                                                                                                                                                                                                                                                                                                                                                                                                                                                                                                                                                                                                                                                                                                                                                                                                                                                                                                                                                                                                                                                                                                                                                                                                                                                                                                                                                                                                                                                                                                                                                                                                                                                                                                                                                                                                                                                                                                                                                                                                                                                                                                                                                                                                                                                                                                                                                                                                                                                                                                                                                                                                                                                                                                                                                                                                                                                                                                                                                                                                                                                                                                                                                                                                                                                                                                                                                                                                                                                                                                                                                                                                                                                                                                                                                                                                                                                                                                                                                                                                                                                                                                                                                                                                                                                                                                                                                                                                                                                                                                                                                                                                                                                                                                                                                                                                                                                                                                                                                                                                                                                                                                                                                                                                                                                                                                                                                                                                                                                                                                                                                                                                                                                                                                                                                                                                                                                                                                                                                                                                                                                                                                                                                                                                                                                                                                                                                                                                                                                                                                                                                                                                                                                                                                                                                                                                                                                                                                                                                                                                                                                                                                                                                                                                                                                                                                                                                                                                                                                                                                                                                                                                                                                                                                                                                                                                                                                                                                                                                                                                                                                                                                                                                                                                                                                                                                                                                                                                                                                                                                                                                                                                                                                                                                                                                                                                                                                                                                                                                                                                                                                                                                                                                                                                                                                                                                                                                                                                                                                                                                                                                                                                                                                                                                                                                                                                                                                                                                                                                                                                                                                                                                                                                                                                                                                                                                                                                                                                                                                                                                                                                                                                                                                                                                                                                                                                                                                                                                                                                                                                                                                                                                                                                                                                                                                                                                                                                                                                                                                                                                                                                                                                                                                                                                                                                                                                                                                                                                                                                                                                                                                                                                                                                                                                                                                                                                                                                                                                                                                                                                                                                                                                                                                                                                                                                                                                                                                                                                                                                                                                                                                                                                                                                                                                                                                                                                                                                                                                                                                                                                                                                                                                                                                                                                                                                                                                                                                                                                                                                                                                                                                                                                                                                                                                                                                                                                                                                                                                                                                                                                                                                                                                                                                                                                                                                                                                                                                                                                                                                                                                                                                                                                                                                                                                                                                                                                                                                                                                                                                                                                                                                                                                                                                                                                                                                                                                                                                                                                                                                                                                                                                                                                                                                                                                                                                                                                                                                                                                                                                                                                                                                                                                                                                                                                                                                                                                                                                                                                                                                                                                                                                                                                                                                                                                                                                                                                                                                                                                                                                                                                                                                                                                                                                                                                                                                                                                                                                                                                                                                                                                                                                                                                                                                                                                                                                                                                                                                                                                                                                                                                                                                                                                                                                                                                                                                                                                                                                                                                                                                                                                                                                                                                                                                                                                                                                                                                                                                                                                                                                                                                                                                                                                                                                                                                                                                                                                                                                                                                                                                                                                                                                                                                                                                                                                                                                                                                                                                                                                                                                                                                                                                                                                                                                                                                                                                                                                                                                                                                                                                                                                                                                                                                                                                                                                                                                                                                                                                                                                                                                                                                                                                                                                                                                                                                                                                                                                                                                                                                                                                                                                                                                                                                                                                                                                                                                                                                                                                                                                                                                                                                                                                                                                                                                                                                                                                                                                                                                                                                                                                                                                                                                                                                                                                                                                                                                                                                                                                                                                                                                                                                                                                                                                                                                                                                                                                                                                                                                                                                                                                                                                                                                                                                                                                                                                                                                                                                                                                                                                                                                                                                                                                                                                                                                                                                                                                                                                                                                                                                                                                                                                                                                                                                                                                                                                                                                                                                                                                                                                                                                                                                                                                                                                                                                                                                                                                                                                                                                                                                                                                                                                                                                                                                                                                                                                                                                                                                                                                                                                                                                                                                                                                                                                                                                                                                                                                                                                                                                                                                                                                                                                                                                                                                                                                                                                                                                                                                                                                                                                                                                                                                                                                                                                                                                                                                                                                                                                                                                                                                                                                                                                                                                                                                                                                                                                                                                                                                                                                                                                                                                                                                                                                                                                                                                                                                                                                                                                                                                                                                                                                                                                                                                                                                                                                                                                                                                                                                                                                                                                                                                                                                                                                                                                                                                                                                                                                                                                                                                                                                                                                                                                                                                                                                                                                                                                                                                                                                                                                                                                                                                                                                                                                                                                                                                                                                                                                                                                                                                                                                                                                                                                                                                                                                                                                                                                                                                                                                                                                                                                                                                                                                                                                                                                                                                                                                                                                                                                                                                                                                                                                                                                                                                                                                                                                                                                                                                                                                                                                                                                                                                                                                                                                                                                                                                                                                                                                                                                                                                                                                                                                                                                                                                                                                                                                                                                                                                                                                                                                                                                                                                                                                                                                                                                                                                                                                                                                                                                                                                                                                                                                                                                                                                                                                                                                                                                                                                                                                                                                                                                                                                                                                                                                                                                                                                                                                                                                                                                                                                                                                                                                                                                                                                                                                                                                                                                                                                                                                                                                                                                                                                                                                                                                                                                                                                                                                                                                                                                                                                                                                                                                                                                                                                                                                                                                                                                                                                                                                                                                                                                                                                                                                                                                                                                                                                                                                                                                                                                                                                                                                                                                                                                                                                                                                                                                                                                                                                                                                                                                                                                                                                                                                                                                                                                                                                                                                                                                                                                                                                                                                                                                                                                                                                                                                                                                                                                                                                                                                                                                                                                                                                                                                                                                                                                                                                                                                                                                                                                                                                                                                                                                                                                                                                                                                                                                                                                                                                                                                                                                                                                                                                                                                                                                                                                                                                                                                                                                                                                                                                                                                                                                                                                                                                                                                                                                                                                                                                                                                                                                                                                                                                                                                                                                                                                                                                                                                                                                                                                                                                                                                                                                                                                                                                                                                                                                                                                                                                                                                                                                                                                                                                                                                                                                                                                                                                                                                                                                                                                                                                                                                                                                                                                                                                                                                                                                                                                                                                                                                                                                                                                                                                                                                                                                                                                                                                                                                                                                                                                                                                                                                                                                                                                                                                                                                                                                                                                                                                                                                                                                                                                                                                                                                                                                                                                                                                                                                                                                                                                                                                                                                                                                                                                                                                                                                                                                                                                                                                                                                                                                                                                                                                                                                                                                                                                                                                                                                                                                                                                                                                                                                                                                                                                                                                                                                                                                                                                                                                                                                                                                                                                                                                                                                                                                                                                                                                                                                                                                                                                                                                                                                                                                                                                                                                                                                                                                                                                                                                                                                                                                                                                                                                                                                                                                                                                                                                                                                                                                                                                                                                                                                                                                                                                                                                                                                                                                                                                                                                                                                                                                                                                                                                                                                                                                                                                                                                                                                                                                                                                                                                                                                                                                                                                                                                                                                                                                                                                                                                                                                                                                                                                                                                                                                                                                                                                                                                                                                                                                                                                                                                                                                                                                                                                                                                                                                                                                                                                                                                                                                                                                                                                                                                                                                                                                                                                                                                                                                                                                                                                                                                                                                                                                                                                                                                                                                                                                                                                                                                                                                                                                                                                                                                                                                                                                                                                                                                                                                                                                                                                                                                                                                                                                                                                                                                                                                                                                                                                                                                                                                                                                                                                                                                                                                                                                                                                                                                                                                                                                                                                                                                                                                                                                                                                                                                                                                                                                                                                                                                                                                                                                                                                                                                                                                                                                                                                                                                                                                                                                                                                                                                                                                                                                                                                                                                                                                                                                                                                                                                                                                                                                                                                                                                                                                                                                                                                                                                                                                                                                                                                                                                                                                                                                                                                                                                                                                                                                                                                                                                                                                                                                                                                                                                                                                                                                                                                                                                                                                                                                                                                                                                                                                                                                                                                                                                                                                                                                                                                                                                                                                                                                                                                                                                                                                                                                                                                                                                                                                                                                                                                                                                                                                                                                                                                                                                                                                                                                                                                                                                                                                                                                                                                                                                                                                                                                                                                                                                                                                                                                                                                                                                                                                                                                                                                                                                                                                                                                                                                                                                                                                                                                                                                                                                                                                                                                                                                                                                                                                                                                                                                                                                                                                                                                                                                                                                                                                                                                                                                                                                                                                                                                                                                                                                                                                                                                                                                                                                                                                                                                                                                                                                                                                                                                                                                                                                                                                                                                                                                                                                                                                                                                                                                                                                                                                                                                                                                                                                                                                                                                                                                                                                                                                                                                                                                                                                                                                                                                                                                                                                                                                                                                                                                                                                                                                                                                                                                                                                                                                                                                                                                                                                                                                                                                                                                                                                                                                                                                                                                                                                                                                                                                                                                                                                                                                                                                                                                                                                                                                                                                                                                                                                                                                                                                                                                                                                                                                                                                                                                                                                                                                                                                                                                                                                                                                                                                                                                                                                                                                                                                                                                                                                                                                                                                                                                                                                                                                                                                                                                                                                                                                                                                                                                                                                                                                                                                                                                                                                                                                                                                                                                                                                                                                                                                                                                                                                                                                                                                                                                                                                                                                                                                                                                                                                                                                                                                                                                                                                                                                                                                                                                                                                                                                                                                                                                                                                                                                                                                                                                                                                                                                                                                                                                                                                                                                                                                                                                                                                                                                                                                                                                                                                                                                                                                                                                                                                                                                                                                                                                                                                                                                                                                                                                                                                                                                                                                                                                                                                                                                                                                                                                                                                                                                                                                                                                                                                                                                                                                                                                                                                                                                                                                                                                                                                                                                                                                                                                                                                                                                                                                                                                                                                                                                                                                                                                                                                                                                                                                                                                                                                                                                                                                                                                                                                                                                                                                                                                                                                                                                                                                                                                                                                                                                                                                                                                                                                                                                                                                                                                                                                                                                                                                                                                                                                                                                                                                                                                                                                                                                                                                                                                                                                                                                                                                                                                                                                                                                                                                                                                                                                                                                                                                                                                                                                                                                                                                                                                                                                                                                                                                                                                                                                                                                                                                                                                                                                                                                                                                                                                                                                                                                                                                                                                                                                                                                                                                                                                                                                                                                                                                                                                                                                                                                                                                                                                                                                                                                                                                                                                                                                                                                                                                                                                                                                                                                                                                                                                                                                                                                                                                                                                                                                                                                                                                                                                                                                                                                                                                                                                                                                                                                                                                                                                                                                                                                                                                                                                                                                                                                                                                                                                                                                                                                                                                                                                                                                                                                                                                                                                                                                                                                                                                                                                                                                                                                                                                                                                                                                                                                                                                                                                                                                                                                                                                                                                                                                                                                                                                                                                                                                                                                                                                                                                                                                                                                                                                                                                                                                                                                                                                                                                                                                                                                                                                                                                                                                                                                                                                                                                                                                                                                                                                                                                                                                                                                                                                                                                                                                                                                                                                                                                                                                                                                                                                                                                                                                                                                                                                                                                                                                                                                                                                                                                                                                                                                                                                                                                                                                                                                                                                                                                                                                                                                                                                                                                                                                                                                                                                                                                                                                                                                                                                                                                                                                                                                                                                                                                                                                                                                                                                                                                                                                                                                                                                                                                                                                                                                                                                                                                                                                                                                                                                                                                                                                                                                                                                                                                                                                                                                                                                                                                                                                                                                                                                                                                                                                                                                                                                                                                                                                                                                                                                                                                                                                                                                                                                                                                                                                                                                                                                                                                                                                                                                                                                                                                                                                                                                                                                                                                                                                                                                                                                                                                                                                                                                                                                                                                                                                                                                                                                                                                                                                                                                                                                                                                                                                                                                                                                                                                                                                                                                                                                                                                                                                                                                                                                                                                                                                                                                                                                                                                                                                                                                                                                                                                                                                                                                                                                                                                                                                                                                                                                                                                                                                                                                                                                                                                                                                                                                                                                                                                                                                                                                                                                                                                                                                                                                                                                                                                                                                                                                                                                                                                                                                                                                                                                                                                                                                                                                                                                                                                                                                                                                                                                                                                                                                                                                                                                                                                                                                                                                                                                                                                                                                                                                                                                                                                                                                                                                                                                                                                                                                                                                                                                                                                                                                                                                                                                                                                                                                                                                                                                                                                                                                                                                                                                                                                                                                                                                                                                                                                                                                                                                                                                                                                                                                                                                                                                                                                                                                                                                                                                                                                                                                                                                                                                                                                                                                                                                                                                                                                                                                                                                                                                                                                                                                                                                                                                                                                                                                                                                                                                                                                                                                                                                                                                                                                                                                                                                                                                                                                                                                                                                                                                                                                                                                                                                                                                                                                                                                                                                                                                                                                                                                                                                                                                                                                                                                                                                                                                                                                                                                                                                                                                                                                                                                                                                                                                                                                                                                                                                                                                                                                                                                                                                                                                                                                                                                                                                                                                                                                                                                                                                                                                                                                                                                                                                                                                                                                                                                                                                                                                                                                                                                                                                                                                                                                                                                                                                                                                                                                                                                                                                                                                                                                                                                                                                                                                                                                                                                                                                                                                                                                                                                                                                                                                                                                                                                                                                                                                                                                                                                                                                                                                                                                                                                                                                                                                                                                                                                                                                                                                                                                                                                                                                                                                                                                                                                                                                                                                                                                                                                                                                                                                                                                                                                                                                                                                                                                                                                                                                                                                                                                                                                                                                                                                                                                                                                                                                                                                                                                                                                                                                                                                                                                                                                                                                                                                                                                                                                                                                                                                                                                                                                                                                                                                                                                                                                                                                                                                                                                                                                                                                                                                                                                                                                                                                                                                                                                                                                                                                                                                                                                                                                                                                                                                                                                                                                                                                                                                                                                                                                                                                                                                                                                                                                                                                                                                                                                                                                                                                                                                                                                                                                                                                                                                                                                                                                                                                                                                                                                                                                                                                                                                                                                                                                                                                                                                                                                                                                                                                                                                                                                                                                                                                                                                                                                                                                                                                                                                                                                                                                                                                                                                                                                                                                                                                                                                                                                                                                                                                                                                                                                                                                                                                                                                                                                                                                                                                                                                                                                                                                                                                                                                                                                                                                                                                                                                                                                                                                                                                                                                                                                                                                                                                                                                                                                                                                                                                                                                                                                                                                                                                                                                                                                                                                                                                                                                                                                                                                                                                                                                                                                                                                                                                                                                                                                                                                                                                                                                                                                                                                                                                                                                                                                                                                                                                                                                                                                                                                                                                                                                                                                                                                                                                                                                                                                                                                                                                                                                                                                                                                                                                                                                                                                                                                                                                                                                                                                                                                                                                                                                                                                                                                                                                                                                                                                                                                                                                                                                                                                                                                                                                                                                                                                                                                                                                                                                                                                                                                                                                                                                                                                                                                                                                                                                                                                                                                                                                                                                                                                                                                                                                                                                                                                                                                                                                                                                                                                                                                                                                                                                                                                                                                                                                                                                                                                                                                                                                                                                                                                                                                                                                                                                                                                                                                                                                                                                                                                                                                                                                                                                                                                                                                                                                                                                                                                                                                                                                                                                                                                                                                                                                                                                                                                                                                                                                                                                                                                                                                                                                                                                                                                                                                                                                                                                                                                                                                                                                                                                                                                                                                                                                                                                                                                                                                                                                                                                                                                                                                                                                                                                                                                                                                                                                                                                                                                                                                                                                                                                                                                                                                                                                                                                                                                                                                                                                                                                                                                                                                                                                                                                                                                                                                                                                                                                                                                                                                                                                                                                                                                                                                                                                                                                                                                                                                                                                                                                                                                                                                                                                                                                                                                                                                                                                                                                                                                                                                                                                                                                                                                                                                                                                                                                                                                                                                                                                                                                                                                                                                                                                                                                                                                                                                                                                                                                                                                                                                                                                                                                                                                                                                                                                                                                                                                                                                                                                                                                                                                                                                                                                                                                                                                                                                                                                                                                                                                                                                                                                                                                                                                                                                                                                                                                                                                                                                                                                                                                                                                                                                                                                                                                                                                                                                                                                                                                                                                                                                                                                                                                                                                                                                                                                                                                                                                                                                                                                                                                                                                                                                                                                                                                                                                                                                                                                                                                                                                                                                                                                                                                                                                                                                                                                                                                                                                                                                                                                                                                                                                                                                                                                                                                                                                                                                                                                                                                                                                                                                                                                                                                                                                                                                                                                                                                                                                                                                                                                                                                                                                                                                                                                                                                                                                                                                                                                                                                                                                                                                                                                                                                                                                                                                                                                                                                                                                                                                                                                                                                                                                                                                                                                                                                                                                                                                                                                                                                                                                                                                                                                                                                                                                                                                                                                                                                                                                                                                                                                                                                                                                                                                                                                                                                                                                                                                                                                                                                                                                                                                                                                                                                                                                                                                                                                                                                                                                                                                                                                                                                                                                                                                                                                                                                                                                                                                                                                                                                                                                                                                                                                                                                                                                                                                                                                                                                                                                                                                                                                                                                                                                                                                                                                                                                                                                                                                                                                                                                                                                                                                                                                                                                                                                                                                                                                                                                                                                                                                                                                                                                                                                                                                                                                                                                                                                                                                                                                                                                                                                                                                                                                                                                                                                                                                                                                                                                                                                                                                                                                                                                                                                                                                                                                                                                                                                                                                                                                                                                                                                                                                                                                                                                                                                                                                                                                                                                                                                                                                                                                                                                                                                                                                                                                                                                                                                                                                                                                                                                                                                                                                                                                                                                                                                                                                                                                                                                                                                                                                                                                                                                                                                                                                                                                                                                                                                                                                                                                                                                                                                                                                                                                                                                                                                                                                                                                                                                                                                                                                                                                                                                                                                                                                                                                                                                                                                                                                                                                                                                                                                                                                                                                                                                                                                                                                                                                                                                                                                                                                                                                                                                                                                                                                                                                                                                                                                                                                                                                                                                                                                                                                                                                                                                                                                                                                                                                                                                                                                                                                                                                                                                                                                                                                                                                                                                                                                                                                                                                                                                                                                                                                                                                                                                                                                                                                                                                                                                                                                                                                                                                                                                                                                                                                                                                                                                                                                                                                                                                                                                                                                                                                                                                                                                                                                                                                                                                                                                                                                                                                                                                                                                                                                                                                                                                                                                                                                                                                                                                                                                                                                                                                                                                                                                                                                                                                                                                                                                                                                                                                                                                                                                                                                                                                                                                                                                                                                                                                                                                                                                                                                                                                                                                                                                                                                                                                                                                                                                                                                                                                                                                                                                                                                                                                                                                                                                                                                                                                                                                                                                                                                                                                                                                                                                                                                                                                                                                                                                                                                                                                                                                                                                                                                                                                                                                                                                                                                                                                                                                                                                                                                                                                                                                                                                                                                                                                                                                                                                                                                                                                                                                                                                                                                                                                                                                                                                                                                                                                                                                                                                                                                                                                                                                                                                                                                                                                                                                                                                                                                                                                                                                                                                                                                                                                                                                                                                                                                                                                                                                                                                                                                                                                                                                                                                                                                                                                                                                                                                                                                                                                                                                                                                                                                                                                                                                                                                                                                                                                                                                                                                                                                                                                                                                                                                                                                                                                                                                                                                                                                                                                                                                                                                                                                                                                                                                                                                                                                                                                                                                                                                                                                                                                                                                                                                                                                                                                                                                                                                                                                                                                                                                                                                                                                                                                                                                                                                                                                                                                                                                                                                                                                                                                                                                                                                                                                                                                                                                                                                                                                                                                                                                                                                                                                                                                                                                                                                                                                                                                                                                                                                                                                                                                                                                                                                                                                                                                                                                                                                                                                                                                                                                                                                                                                                                                                                                                                                                                                                                                                                                                                                                                                                                                                                                                                                                                                                                                                                                                                                                                                                                                                                                                                                                                                                                                                                                                                                                                                                                                                                                                                                                                                                                                                                                                                                                                                                                                                                                                                                                                                                                                                                                                                                                                                                                                                                                                                                                                                                                                                                                                                                                                                                                                                                                                                                                                                                                                                                                                                                                                                                                                                                                                                                                                                                                                                                                                                                                                                                                                                                                                                                                                                                                                                                                                                                                                                                                                                                                                                                                                                                                                                                                                                                                                                                                                                                                                                                                                                                                                                                                                                                                                                                                                                                                                                                                                                                                                                                                                                                                                                                                                                                                                                                                                                                                                                                                                                                                                                                                                                                                                                                                                                                                                                                                                                                                                                                                                                                                                                                                                                                                                                                                                                                                                                                                                                                                                                                                                                                                                                                                                                                                                                                                                                                                                                                                                                                                                                                                                                                                                                                                                                                                                                                                                                                                                                                                                                                                                                                                                                                                                                                                                                                                                                                                                                                                                                                                                                                                                                                                                                                                                                                                                                                                                                                                                                                                                                                                                                                                                                                                                                                                                                                                                                                                                                                                                                                                                                                                                                                                                                                                                                                                                                                                                                                                                                                                                                                                                                                                                                                                                                                                                                                                                                                                                                                                                                                                                                                                                                                                                                                                                                                                                                                                                                                                                                                                                                                                                                                                                                                                                                                                                                                                                                                                                                                                                                                                                                                                                                                                                                                                                                                                                                                                                                                                                                                                                                                                                                                                                                                                                                                                                                                                                                                                                                                                                                                                                                                                                                                                                                                                                                                                                                                                                                                                                                                                                                                                                                                                                                                                                                                                                                                                                                                                                                                                                                                                                                                                                                                                                                                                                                                                                                                                                                                                                                                                                                                                                                                                                                                                                                                                                                                                                                                                                                                                                                                                                                                                                                                                                                                                                                                                                                                                                                                                                                                                                                                                                                                                                                                                                                                                                                                                                                                                                                                                                                                                                                                                                                                                                                                                                                                                                                                                                                                                                                                                                                                                                                                                                                                                                                                                                                                                                                                                                                                                                                                                                                                                                                                                                                                                                                                                                                                                                                                                                                                                                                                                                                                                                                                                                                                                                                                                                                                                                                                                                                                                                                                                                                                                                                                                                                                                                                                                                                                                                                                                                                                                                                                                                                                                                                                                                                                                                                                                                                                                                                                                                                                                                                                                                                                                                                                                                                                                                                                                                                                                                                                                                                                                                                                                                                                                                                                                                                                                                                                                                                                                                                                                                                                                                                                                                                                                                                                                                                                                                                                                                                                                                                                                                                                                                                                                                                                                                                                                                                                                                                                                                                                                                                                                                                                                                                                                                                                                                                                                                                                                                                                                                                                                                                                                                                                                                                                                                                                                                                                                                                                                                                                                                                                                                                                                                                                                                                                                                                                                                                                                                                                                                                                                                                                                                                                                                                                                                                                                                                                                                                                                                                                                                                                                                                                                                                                                                                                                                                                                                                                                                                                                                                                                                                                                                                                                                                                                                                                                                                                                                                                                                                                                                                                                                                                                                                                                                                                                                                                                                                                                                                                                                                                                                                                                                                                                                                                                                                                                                                                                                                                                                                                                                                                                                                                                                                                                                                                                                                                                                                                                                                                                                                                                                                                                                                                                                                                                                                                                                                                                                                                                                                                                                                                                                                                                                                                                                                                                                                                                                                                                                                                                                                                                                                                                                                                                                                                                                                                                                                                                                                                                                                                                                                                                                                                                                                                                                                                                                                                                                                                                                                                                                                                                                                                                                                                                                                                                                                                                                                                                                                                                                                                                                                                                                                                                                                                                                                                                                                                                                                                                                                                                                                                                                                                                                                                                                                                                                                                                                                                                                                                                                                                                                                                                                                                                                                                                                                                                                                                                                                                                                                                                                                                                                                                                                                                                                                                                                                                                                                                                                                                                                                                                                                                                                                                                                                                                                                                                                                                                                                                                                                                                                                                                                                                                                                                                                                                                                                                                                                                                                                                                                                                                                                                                                                                                                                                                                                                                                                                                                                                                                                                                                                                                                                                                                                                                                                                                                                                                                                                                                                                                                                                                                                                                                                                                                                                                                                                                                                                                                                                                                                                                                                                                                                                                                                                                                                                                                                                                                                                                                                                                                                                                                                                                                                                                                                                                                                                                                                                                                                                                                                                                                                                                                                                                                                                                                                                                                                                                                                                                                                                                                                                                                                                                                                                                                                                                                                                                                                                                                                                                                                                                                                                                                                                                                                                                                                                                                                                                                                                                                                                                                                                                                                                                                                                                                                                                                                                                                                                                                                                                                                                                                                                                                                                                                                                                                                                                                                                                                                                                                                                                                                                                                                                                                                                                                                                                                                                                                                                                                                                                                                                                                                                                                                                                                                                                                                                                                                                                                                                                                                                                                                                                                                                                                                                                                                                                                                                                                                                                                                                                                                                                                                                                                                                                                                                                                                                                                                                                                                                                                                                                                                                                                                                                                                                                                                                                                                                                                                                                                                                                                                                                                                                                                                                                                                                                                                                                                                                                                                                                                                                                                                                                                                                                                                                                                                                                                                                                                                                                                                                                                                                                                                                                                                                                                                                                                                                                                                                                                                                                                                                                                                                                                                                                                                                                                                                                                                                                                                                                                                                                                                                                                                                                                                                                                                                                                                                                                                                                                                                                                                                                                                                                                                                                                                                                                                                                                                                                                                                                                                                                                                                                                                                                                                                                                                                                                                                                                                                                                                                                                                                                                                                                                                                                                                                                                                                                                                                                                                                                                                                                                                                                                                                                                                                                                                                                                                                                                                                                                                                                                                                                                                                                                                                                                                                                                                                                                                                                                                                                                                                                                                                                                                                                                                                                                                                                                                                                                                                                                                                                                                                                                                                                                                                                                                                                                                                                                                                                                                                                                                                                                                                                                                                                                                                                                                                                                                                                                                                                                                                                                                                                                                                                                                                                                                                                                                                                                                                                                                                                                                                                                                                                                                                                                                                                                                                                                                                                                                                                                                                                                                                                                                                                                                                                                                                                                                                                                                                                                                                                                                                                                                                                                                                                                                                                                                                                                                                                                                                                                                                                                                                                                                                                                                                                                                                                                                                                                                                                                                                                                                                                                                                                                                                                                                                                                                                                                                                                                                                                                                                                                                                                                                                                                                                                                                                                                                                                                                                                                                                                                                                                                                                                                                                                                                                                                                                                                                                                                                                                                                                                                                                                                                                                                                                                                                                                                                                                                                                                                                                                                                                                                                                                                                                                                                                                                                                                                                                                                                                                                                                                                                                                                                                                                                                                                                                                                                                                                                                                                                                                                                                                                                                                                                                                                                                                                                                                                                                                                                                                                                                                                                                                                                                                                                                                                                                                                                                                                                                                                                                                                                                                                                                                                                                                                                                                                                                                                                                                                                                                                                                                                                                                                                                                                                                                                                                                                                                                                                                                                                                                                                                                                                                                                                                                                                                                                                                                                                                                                                                                                                                                                                                                                                                                                                                                                                                                                                                                                                                                                                                                                                                                                                                                                                                                                                                                                                                                                                                                                                                                                                                                                                                                                                                                                                                                                                                                                                                                                                                                                                                                                                                                                                                                                                                                                                                                                                                                                                                                                                                                                                                                                                                                                                                                                                                                                                                                                                                                                                                                                                                                                                                                                                                                                                                                                                                                                                                                                                                                                                                                                                                                                                                                                                                                                                                                                                                                                                                                                                                                                                                                                                                                                                                                                                                                                                                                                                                                                                                                                                                                                                                                                                                                                                                                                                                                                                                                                                                                                                                                                                                                                                                                                                                                                                                                                                                                                                                                                                                                                                                                                                                                                                                                                                                                                                                                                                                                                                                                                                                                                                                                                                                                                                                                                                                                                                                                                                                                                                                                                                                                                                                                                                                                                                                                                                                                                                                                                                                                                                                                                                                                                                                                                                                                                                                                                                                                                                                                                                                                                                                                                                                                                                                                                                                                                                                                                                                                                                                                                                                                                                                                                                                                                                                                                                                                                                                                                                                                                                                                                                                                                                                                                                                                                                                                                                                                                                                                                                                                                                                                                                                                                                                                                                                                                                                                                                                                                                                                                                                                                                                                                                                                                                                                                                                                                                                                                                                                                                                                                                                                                                                                                                                                                                                                                                                                                                                                                                                                                                                                                                                                                                                                                                                                                                                                                                                                                                                                                                                                                                                                                                                                                                                                                                                                                                                                                                                                                                                                                                                                                                                                                                                                                                                                                                                                                                                                                                                                                                                                                                                                                                                                                                                                                                                                                                                                                                                                                                                                                                                                                                                                                                                                                                                                                                                                                                                                                                                                                                                                                                                                                                                                                                                                                                                                                                                                                                                                                                                                                                                                                                                                                                                                                                                                                                                                                                                                                                                                                                                                                                                                                                                                                                                                                                                                                                                                                                                                                                                                                                                                                                                                                                                                                                                                                                                                                                                                                                                                                                                                                                                                                                                                                                                                                                                                                                                                                                                                                                                                                                                                                                                                                                                                                                                                                                                                                                                                                                                                                                                                                                                                                                                                                                                                                                                                                                                                                                                                                                                                                                                                                                                                                                                                                                                                                                                                                                                                                                                                                                                                                                                                                                                                                                                                                                                                                                                                                                                                                                                                                                                                                                                                                                                                                                                                                                                                                                                                                                                                                                                                                                                                                                                                                                                                                                                                                                                                                                                                                                                                                                                                                                                                                                                                                                                                                                                                                                                                                                                                                                                                                                                                                                                                                                                                                                                                                                                                                                                                                                                                                                                                                                                                                                                                                                                                                                                                                                                                                                                                                                                                                                                                                                                                                                                                                                                                                                                                                                                                                                                                                                                                                                                                                                                                                                                                                                                                                                                                                                                                                                                                                                                                                                                                                                                                                                                                                                                                                                                                                                                                                                                                                                                                                                                                                                                                                                                                                                                                                                                                                                                                                                                                                                                                                                                                                                                                                                                                                                                                                                                                                                                                                                                                                                                                                                                                                                                                                                                                                                                                                                                                                                                                                                                                                                                                                                                                                                                                                                                                                                                                                                                                                                                                                                                                                                                                                                                                                                                                                                                                                                                                                                                                                                                                                                                                                                                                                                                                                                                                                                                                                                                                                                                                                                                                                                                                                                                                                                                                                                                                                                                                                                                                                                                                                                                                                                                                                                                                                                                                                                                                                                                                                                                                                                                                                                                                                                                                                                                                                                                                                                                                                                                                                                                                                                                                                                                                                                                                                                                                                                                                                                                                                                                                                                                                                                                                                                                                                                                                                                                                                                                                                                                                                                                                                                                                                                                                                                                                                                                                                                                                                                                                                                                                                                                                                                                                                                                                                                                                                                                                                                                                                                                                                                                                                                                                                                                                                                                                                                                                                                                                                                                                                                                                                                                                                                                                                                                                                                                                                                                                                                                                                                                                                                                                                                                                                                                                                                                                                                                                                                                                                                                                                                                                                                                                                                                                                                                                                                                                                                                                                                                                                                                                                                                                                                                                                                                                                                                                                                                                                                                                                                                                                                                                                                                                                                                                                                                                                                                                                                                                                                                                                                                                                                                                                                                                                                                                                                                                                                                                                                                                                                                                                                                                                                                                                                                                                                                                                                                                                                                                                                                                                                                                                                                                                                                                                                                                                                                                                                                                                                                                                                                                                                                                                                                                                                                                                                                                                                                                                                                                                                                                                                                                                                                                                                                                                                                                                                                                                                                                                                                                                                                                                                                                                                                                                                                                                                                                                                                                                                                                                                                                                                                                                                                                                                                                                                                                                                                                                                                                                                                                                                                                                                                                                                                                                                                                                                                                                                                                                                                                                                                                                                                                                                                                                                                                                                                                                                                                                                                                                                                                                                                                                                                                                                                                                                                                                                                                                                                                                                                                                                                                                                                                                                                                                                                                                                                                                                                                                                                                                                                                                                                                                                                                                                                                                                                                                                                                                                                                                                                                                                                                                                                                                                                                                                                                                                                                                                                                                                                                                                                                                                                                                                                                                                                                                                                                                                                                                                                                                                                                                                                                                                                                                                                                                                                                                                                                                                                                                                                                                                                                                                                                                                                                                                                                                                                                                                                                                                                                                                                                                                                                                                                                                                                                                                                                                                                                                                                                                                                                                                                                                                                                                                                                                                                                                                                                                                                                                                                                                                                                                                                                                                                                                                                                                                                                                                                                                                                                                                                                                                                                                                                                                                                                                                                                                                                                                                                                                                                                                                                                                                                                                                                                                                                                                                                                                                                                                                                                                                                                                                                                                                                                                                                                                                                                                                                                                                                                                                                                                                                                                                                                                                                                                                                                                                                                                                                                                                                                                                                                                                                                                                                                                                                                                                                                                                                                                                                                                                                                                                                                                                                                                                                                                                                                                                                                                                                                                                                                                                                                                                                                                                                                                                                                                                                                                                                                                                                                                                                                                                                                                                                                                                                                                                                                                                                                                                                                                                                                                                                                                                                                                                                                                                                                                                                                                                                                                                                                                                                                                                                                                                                                                                                                                                                                                                                                                                                                                                                                                                                                                                                                                                                                                                                                                                                                                                                                                                                                                                                                                                                                                                                                                                                                                                                                                                                                                                                                                                                                                                                                                                                                                                                                                                                                                                                                                                                                                                                                                                                                                                                                                                                                                                                                                                                                                                                                                                                                                                                                                                                                                                                                                                                                                                                                                                                                                                                                                                                                                                                                                                                                                                                                                                                                                                                                                                                                                                                                                                                                                                                                                                                                                                                                                                                                                                                                                                                                                                                                                                                                                                                                                                                                                                                                                                                                                                                                                                                                                                                                                                                                                                                                                                                                                                                                                                                                                                                                                                                                                                                                                                                                                                                                                                                                                                                                                                                                                                                                                                                                                                                                                                                                                                                                                                                                                                                                                                                                                                                                                                                                                                                                                                                                                                                                                                                                                                                                                                                                                                                                                                                                                                                                                                                                                                                                                                                                                                                                                                                                                                                                                                                                                                                                                                                                                                                                                                                                                                                                                                                                                                                                                                                                                                                                                                                                                                                                                                                                                                                                                                                                                                                                                                                                                                                                                                                                                                                                                                                                                                                                                                                                                                                                                                                                                                                                                                                                                                                                                                                                                                                                                                                                                                                                                                                                                                                                                                                                                                                                                                                                                                                                                                                                                                                                                                                                                                                                                                                                                                                                                                                                                                                                                                                                                                                                                                                                                                                                                                                                                                                                                                                                                                                                                                                                                                                                                                                                                                                                                                                                                                                                                                                                                                                                                                                                                                                                                                                                                                                                                                                                                                                                                                                                                                                                                                                                                                                                                                                                                                                                                                                                                                                                                                                                                                                                                                                                                                                                                                                                                                                                                                                                                                                                                                                                                                                                                                                                                                                                                                                                                                                                                                                                                                                                                                                                                                                                                                                                                                                                                                                                                                                                                                                                                                                                                                                                                                                                                                                                                                                                                                                                                                                                                                                                                                                                                                                                                                                                                                                                                                                                                                                                                                                                                                                                                                                                                                                                                                                                                                                                                                                                                                                                                                                                                                                                                                                                                                                                                                                                                                                                                                                                                                                                                                                                                                                                                                                                                                                                                                                                                                                                                                                                                                                                                                                                                                                                                                                                                                                                                                                                                                                                                                                                                                                                                                                                                                                                                                                                                                                                                                                                                                                                                                                                                                                                                                                                                                                                                                                                                                                                                                                                                                                                                                                                                                                                                                                                                                                                                                                                                                                                                                                                                                                                                                                                                                                                                                                                                                                                                                                                                                                                                                                                                                                                                                                                                                                                                                                                                                                                                                                                                                                                                                                                                                                                                                                                                                                                                                                                                                                                                                                                                                                                                                                                                                                                                                                                                                                                                                                                                                                                                                                                                                                                                                                                                                                                                                                                                                                                                                                                                                                                                                                                                                                                                                                                                                                                                                                                                                                                                                                                                                                                                                                                                                                                                                                                                                                                                                                                                                                                                                                                                                                                                                                                                                                                                                                                                                                                                                                                                                                                                                                                                                                                                                                                                                                                                                                                                                                                                                                                                                                                                                                                                                                                                                                                                                                                                                                                                                                                                                                                                                                                                                                                                                                                                                                                                                                                                                                                                                                                                                                                                                                                                                                                                                                                                                                                                                                                                                                                                                                                                                                                                                                                                                                                                                                                                                                                                                                                                                                                                                                                                                                                                                                                                                                                                                                                                                                                                                                                                                                                                                                                                                                                                                                                                                                                                                                                                                                                                                                                                                                                                                                                                                                                                                                                                                                                                                                                                                                                                                                                                                                                                                                                                                                                                                                                                                                                                                                                                                                                                                                                                                                                                                                                                                                                                                                                                                                                                                                                                                                                                                                                                                                                                                                                                                                                                                                                                                                                                                                                                                                                                                                                                                                                                                                                                                                                                                                                                                                                                                                                                                                                                                                                                                                                                                                                                                                                                                                                                                                                                                                                                                                                                                                                                                                                                                                                                                                                                                                                                                                                                                                                                                                                                                                                                                                                                                                                                                                                                                                                                                                                                                                                                                                                                                                                                                                                                                                                                                                                                                                                                                                                                                                                                                                                                                                                                                                                                                                                                                                                                                                                                                                                                                                                                                                                                                                                                                                                                                                                                                                                                                                                                                                                                                                                                                                                                                                                                                                                                                                                                                                                                                                                                                                                                                                                                                                                                                                                                                                                                                                                                                                                                                                                                                                                                                                                                                                                                                                                                                                                                                                                                                                                                                                                                                                                                                                                                                                                                                                                                                                                                                                                                                                                                                                                                                                                                                                                                                                                                                                                                                                                                                                                                                                                                                                                                                                                                                                                                                                                                                                                                                                                                                                                                                                                                                                                                                                                                                                                                                                                                                                                                                                                                                                                                                                                                                                                                                                                                                                                                                                                                                                                                                                                                                                                                                                                                                                                                                                                                                                                                                                                                                                                                                                                                                                                                                                                                                                                                                                                                                                                                                                                                                                                                                                                                                                                                                                                                                                                                                                                                                                                                                                                                                                                                                                                                                                                                                                                                                                                                                                                                                                                                                                                                                                                                                                                                                                                                                                                                                                                                                                                                                                                                                                                                                                                                                                                                                                                                                                                                                                                                                                                                                                                                                                                                                                                                                                                                                                                                                                                                                                                                                                                                                                                                                                                                                                                                                                                                                                                                                                                                                                                                                                                                                                                                                                                                                                                                                                                                                                                                                                                                                                                                                                                                                                                                                                                                                                                                                                                                                                                                                                                                                                                                                                                                                                                                                                                                                                                                                                                                                                                                                                                                                                                                                                                                                                                                                                                                                                                                                                                                                                                                                                                                                                                                                                                                                                                                                                                                                                                                                                                                                                                                                                                                                                                                                                                                                                                                                                                                                                                                                                                                                                                                                                                                                                                                                                                                                                                                                                                                                                                                                                                                                                                                                                                                                                                                                                                                                                                                                                                                                                                                                                                                                                                                                                                                                                                                                                                                                                                                                                                                                                                                                                                                                                                                                                                                                                                                                                                                                                                                                                                                                                                                                                                                                                                                                                                                                                                                                                                                                                                                                                                                                                                                                                                                                                                                                                                                                                                                                                                                                                                                                                                                                                                                                                                                                                                                                                                                                                                                                                                                                                                                                                                                                                                                                                                                                                                                                                                                                                                                                                                                                                                                                                                                                                                                                                                                                                                                                                                                                                                                                                                                                                                                                                                                                                                                                                                                                                                                                                                                                                                                                                                                                                                                                                                                                                                                                                                                                                                                                                                                                                                                                                                                                                                                                                                                                                                                                                                                                                                                                                                                                                                                                                                                                                                                                                                                                                                                                                                                                                                                                                                                                                                                                                                                                                                                                                                                                                                                                                                                                                                                                                                                                                                                                                                                                                                                                                                                                                                                                                                                                                                                                                                                                                                                                                                                                                                                                                                                                                                                      